ImageId,EncodedPixels,ClassId,AttributesIds
12a71f5cee59104964eccb52bd22fe09,457035 101 458044 131 459064 145 460080 168 461096 133 461238 45 462114 30 462317 2 463134 21 463346 2 464157 22 464371 2 465178 22 465398 4 466200 22 466424 10 467221 24 467449 15 468244 23 468474 20 469266 25 469498 24 470289 25 470522 30 471312 25 471546 34 472335 23 472570 39 473358 23 473595 39 474381 24 474619 45 475404 25 475643 49 476428 25 476667 54 477451 26 477691 58 478475 26 478715 65 478902 23 479498 27 479739 69 479919 32 480522 27 480763 74 480938 39 481546 27 481787 75 481961 41 482570 27 482811 78 482979 48 483594 26 483835 84 483997 54 484619 24 484859 91 485009 67 485643 22 485883 99 486022 79 486667 20 486906 107 487037 89 487691 19 487930 221 488715 19 488955 222 489739 20 489979 223 490762 21 491003 225 491786 21 492027 227 492810 21 493051 228 493835 18 494075 229 494860 15 495099 230 495885 13 496122 231 496911 10 497146 232 497936 8 498170 233 498961 7 499194 233 499986 6 500218 233 501011 4 501242 233 502035 4 502266 233 503060 3 503290 233 504084 3 504314 234 505109 2 505338 235 506134 1 506362 235 507386 236 508410 237 509434 238 510457 239 511481 240 512505 240 513529 241 514553 241 515577 242 516600 244 517624 246 518648 248 519672 251 520696 257 521719 260 522743 261 523767 262 524791 263 525599 1 525815 264 526838 266 527862 267 528885 269 529886 1 529908 270 530910 3 530931 272 531934 2 531956 271 532958 2 532980 271 534004 271 535028 271 536037 2 536052 271 537054 5 537076 271 538077 6 538100 271 539100 7 539124 270 540123 8 540148 270 541147 9 541172 270 542171 10 542196 270 543195 12 543220 269 544220 12 544244 269 545245 12 545268 269 546269 12 546291 270 547292 13 547315 270 548315 13 548339 270 549339 12 549362 271 550364 11 550385 272 551389 13 551409 272 552413 13 552434 270 553438 13 553458 270 554462 13 554482 269 555331 1 555487 13 555505 270 556357 1 556511 14 556528 271 557383 3 557535 288 558408 3 558559 288 559584 286 560609 285 561634 284 562658 280 563683 275 564707 273 565730 273 566754 272 567778 271 568801 270 569825 269 570849 265 571872 264 572896 262 573805 1 573920 260 574830 1 574943 260 575965 260 576885 3 576989 257 577914 2 578013 254 578940 2 579035 254 579966 2 580059 253 580992 6 581082 253 582020 6 582106 252 583048 4 583130 251 584073 4 584154 250 585100 3 585176 251 586127 6 586199 250 587156 7 587221 250 588183 9 588242 252 589212 8 589265 251 590241 8 590287 249 591270 14 591309 245 592294 15 592332 245 593325 203 594360 175 595396 151 596431 130 597488 89 598541 49,31,"25,156,157,158,159,160,171,204,205,206,207,208,209,210,211,212,213,214,215,216,288"
12a71f5cee59104964eccb52bd22fe09,423780 18 424803 20 424830 13 425827 21 425852 26 426851 58 427875 62 428899 67 429922 72 430945 74 431969 77 432993 77 434017 78 435039 81 436063 68 436135 14 437087 61 437150 4 437167 6 438110 61 439134 61 440157 62 441181 63 442205 67 442297 2 443229 70 443320 5 444254 81 444344 5 445278 83 445364 10 446301 97 447325 97 448349 97 449373 97 450397 84 450484 10 451421 84 451508 10 452445 84 452532 10 453468 85 453556 10 454492 85 454580 10 455516 33 455552 49 455604 10 456540 33 456576 48 456629 8 457564 83 458587 84 459611 84 460635 84 461659 85 462683 85 463707 85 464731 86 465755 87 466780 88 467804 88 468828 88 469852 89 470876 89 471900 89 472923 90 473947 91 474971 91 475995 91 477019 91 478043 92 479067 92 480091 92 481117 90 482142 89 483168 87 484196 83 485223 80 486250 77 487275 76 488300 75 489326 73 490351 72 491376 70 492403 66 493440 53 494474 42 495507 32 496549 11,23,217
12a71f5cee59104964eccb52bd22fe09,174476 31 175499 33 176515 47 177530 61 178548 69 179570 75 180593 79 181616 83 182639 89 183663 90 184685 95 185708 100 186731 107 187753 112 188774 117 189796 121 190816 126 191839 128 192862 130 193886 130 194910 131 195933 133 196958 132 197982 8 198006 108 199050 88 200075 87 201107 79 202138 72 203168 65 204199 58 205228 52 206256 47 207283 45 208308 43 209333 41 210359 36 211388 26 212414 15,31,"156,157,158,159,160,204,205,206,207,208,209,210,211,212,213,214,215,216"
12a71f5cee59104964eccb52bd22fe09,461229 9 462144 173 463155 191 464179 192 465200 198 466222 202 467245 204 468267 207 469291 207 470314 208 471337 209 472358 212 473381 214 474405 214 475429 214 476453 214 477477 214 478501 214 479525 214 480549 214 481573 214 482597 214 483620 215 484643 216 485665 218 486687 219 487710 220 488734 221 489759 220 490783 220 491807 220 492831 220 493853 222 494875 224 495898 224 496921 225 497944 226 498968 226 499992 226 501015 227 502039 227 503063 227 504087 227 505111 227 506135 227 507159 227 508184 226 509208 226 510232 225 511256 225 512281 224 513305 224 514329 224 515353 224 516378 222 517402 222 518426 222 519451 221 520475 221 521500 219 522525 218 523550 217 524575 216 525600 215 526624 214 527648 214 528673 212 529697 189 529887 21 530722 188 530913 18 531748 186 531936 20 532773 185 532960 20 533799 205 534824 204 535849 188 536039 13 536874 180 537059 17 537899 178 538083 17 538925 175 539107 17 539950 173 540131 17 540975 172 541156 16 542000 171 542181 15 543025 170 543207 13 544049 171 544232 12 545074 171 545257 11 546099 170 546281 10 547126 166 547305 10 548152 163 548328 11 549177 162 549351 11 550203 161 550375 10 551228 161 551402 7 552256 157 552426 8 553281 157 553451 7 554306 156 554475 7 555332 155 555500 5 556358 153 556525 3 557386 149 558411 148 559437 147 560464 145 561490 144 562516 142 563542 141 564568 139 565594 136 566619 135 567648 130 568675 126 569700 125 570725 124 571754 118 572780 116 573806 114 574831 112 575857 108 576888 101 577916 97 578942 93 579968 91 580998 84 582026 80 583052 78 584077 77 585103 73 586133 66 587163 58 588192 50 589220 45 590249 38 591284 25 592309 23,31,"25,156,157,158,159,160,171,204,205,206,207,208,209,210,211,212,213,214,215,216"
bd4c2ae0478c2162033a02216e394604,478463 6 479486 8 480496 35 481519 38 482543 38 483567 39 484591 39 485615 39 486639 41 487663 41 488687 41 489711 41 490735 41 491759 41 491888 5 492783 41 492896 2 492911 7 493807 42 493918 42 494831 42 494939 48 495855 42 495962 55 496879 42 496986 55 497903 43 498011 52 498927 43 499035 51 499950 44 500060 49 500974 45 501084 49 501998 46 502108 39 502148 9 503022 47 503132 49 504046 48 504157 48 505070 49 505182 47 506094 50 506206 47 507118 51 507230 47 508142 53 508254 44 509166 54 509278 43 510190 55 510302 41 511214 56 511325 41 512238 57 512348 42 513262 58 513372 43 514286 59 514396 46 515310 60 515420 47 516335 60 516444 48 517359 61 517468 48 518383 63 518492 48 519407 71 519515 49 520431 74 520539 49 521455 74 521563 49 522479 75 522586 50 523503 76 523610 51 524527 78 524633 54 525552 79 525655 56 526576 80 526678 58 527601 81 527701 60 528627 83 528722 63 529652 158 530676 159 531700 160 532725 160 533750 160 534775 160 535801 159 536828 158 537853 158 538878 158 539904 165 540932 164 541957 164 542982 163 544008 161 545035 158 546061 157 547086 156 548112 155 549137 155 550165 152 551190 152 552216 152 553242 152 554268 151 555292 152 556319 150 557345 151 558370 151 559396 151 560421 151 561448 150 562474 151 563500 150 564525 150 565552 148 566577 148 567602 148 568627 147 569653 145 570679 144 571707 141 572732 140 573758 139 574785 136 575810 136 576834 136 577861 133 578887 131 579914 127 580938 126 581966 121 582994 116 584019 114 585044 113 586070 111 587097 107 588123 105 589148 104 590173 102 591199 99 592226 96 593252 94 594277 92 595302 91 596328 86 597354 84 598379 82 599404 81 600431 77 601456 76 602481 74 603508 70 604533 69 605558 67 606583 66 607611 61 608637 57 609662 55 610687 54 611714 50 612740 45 613768 39 614793 37 615820 32 616848 24,31,"25,156,157,158,159,160,171,204,205,206,207,208,209,210,211,212,213,214,215,216"
db2c7d5456e8bb09f89ec6d32c6aac37,214623 11 215644 17 216667 19 217689 25 218711 29 219732 33 220755 34 221776 38 222797 41 223819 43 224842 44 225865 45 226888 46 227911 47 228934 48 229955 51 230975 55 231999 55 233020 59 234042 61 235062 65 236085 67 237108 69 238130 71 239150 75 240173 76 241195 79 242218 81 243241 83 244261 88 245283 91 246304 94 247327 95 248350 96 249370 101 250392 103 251415 104 252437 106 253457 110 254479 112 255502 113 256523 116 257543 120 258567 120 259588 123 260610 125 261630 129 262653 130 263672 136 264693 140 265714 143 266737 144 267756 149 268777 153 269799 156 270822 158 271842 164 272864 167 273887 169 274909 171 275930 174 276950 179 277973 180 278996 181 280018 183 281040 185 282063 186 283084 189 284106 191 285126 195 286149 196 287171 198 288194 199 289217 200 290237 204 291259 206 292280 208 293303 208 294325 209 295345 211 296368 211 297391 211 298414 209 299436 210 300459 209 301482 209 302503 210 303525 209 304548 209 305571 209 306593 210 307614 211 308637 211 309659 212 310682 212 311705 210 312728 211 313751 211 314774 210 315797 209 316820 209 317843 209 318866 209 319890 208 320914 69 320989 9 321011 110 321938 64 322069 75 322963 10 322987 24 323114 52 323987 9 324012 22 324139 50 325041 12 325181 31 326213 20 327248 7 328273 5,31,"156,157,158,159,160,204,205,206,207,208,209,210,211,212,213,214,215,216,288"
db2c7d5456e8bb09f89ec6d32c6aac37,188220 10 189223 45 190246 47 191263 68 192282 81 193300 93 194323 95 195342 106 196362 114 197382 122 198405 124 199427 128 200448 134 201471 136 202493 140 203515 143 204536 148 205559 150 206580 156 207600 162 208620 169 209643 170 210663 177 211534 6 211685 180 212556 15 212707 183 213579 17 213730 185 214601 26 214751 189 215622 34 215774 191 216645 36 216797 193 217669 38 217819 196 218690 44 218842 197 219713 46 219865 198 220736 47 220888 199 221756 53 221910 201 222778 56 222931 204 223797 63 223954 205 224820 65 224977 206 225842 68 225999 209 226863 71 227020 212 227886 73 228043 213 228909 74 229066 214 229932 77 230088 216 230954 80 231111 217 231977 82 232134 218 233001 82 233157 219 234024 83 234179 221 235047 84 235201 223 236070 85 236225 223 237093 86 237248 223 238116 87 238270 225 239139 88 239294 225 240162 89 240317 226 241185 90 241340 227 242207 92 242361 230 243230 93 243384 230 244251 96 244407 230 245273 98 245430 231 246294 101 246454 231 247318 101 247478 231 248339 104 248501 232 249362 105 249523 234 250385 106 250546 235 251408 108 251570 235 252430 111 252593 236 253453 112 253615 238 254474 115 254638 239 255498 115 255662 239 256519 118 256686 239 257539 123 257709 240 258562 124 258732 241 259583 127 259755 242 260604 131 260778 243 261626 133 261802 244 262649 134 262825 246 263671 137 263848 247 264692 141 264871 248 265715 142 265894 249 266738 143 266917 250 267761 145 267940 251 268783 147 268963 252 269804 150 269985 254 270828 150 271008 256 271848 156 272019 269 272868 160 273036 276 273891 161 274059 277 274909 168 275081 279 275926 175 276102 282 276945 463 277968 464 278988 469 280008 473 281031 474 282055 474 283076 477 284099 479 285122 481 286145 482 287168 484 288191 485 289214 487 290236 489 291259 490 292280 494 293303 496 294326 497 295349 499 296371 502 297394 504 298417 505 299438 509 300460 512 301483 513 302505 518 303526 522 304550 522 305571 525 306591 531 307613 534 308636 535 309656 540 310678 542 311698 547 312721 549 313744 550 314767 552 315790 553 316813 554 317837 554 318860 556 319884 557 320907 558 321931 558 322954 559 323977 560 325000 562 326024 562 327047 563 328071 563 329095 563 330117 566 331141 566 332165 566 333188 567 334212 567 335235 568 336259 568 337283 568 338306 569 339329 570 340352 571 341375 177 341559 388 342398 172 342584 387 343421 172 343609 386 344444 166 344635 384 345467 161 345660 383 346490 161 346685 383 347513 160 347710 383 348536 160 348737 380 349559 160 349762 379 350582 160 350786 379 351606 159 351811 378 352629 157 352835 378 353652 154 353860 377 354675 155 354885 376 355699 151 355910 375 356722 144 356935 374 357745 138 357959 374 358769 138 358984 374 359793 87 359890 35 360009 373 360816 87 360929 8 361033 373 361839 87 361953 7 362057 373 362863 87 363082 372 363886 89 364105 373 364910 89 365028 1 365129 373 365934 89 366051 2 366153 373 366957 91 367070 21 367177 373 367981 91 368087 67 368200 374 369004 175 369223 376 370027 177 370247 376 371050 178 371270 377 372074 179 372294 377 373097 181 373317 378 374120 183 374340 379 375143 185 375363 380 376167 187 376387 381 377191 188 377411 382 378214 190 378434 383 379237 192 379455 386 380261 195 380477 388 381286 194 381500 389 382310 198 382522 392 383334 205 383542 396 384358 604 385382 604 386406 605 387430 605 388454 606 389478 607 390502 100 390603 506 391527 98 391649 485 392551 97 392673 485 393575 96 393701 481 394599 96 394726 482 395623 97 395736 496 396647 98 396759 497 397670 611 398694 611 399717 612 400740 613 401764 614 402788 614 403812 615 404835 617 405859 617 406883 617 407907 617 408930 619 409954 619 410978 619 412002 619 413026 619 414050 619 415075 619 416099 619 417123 619 418147 619 419172 618 420196 618 421220 618 422244 618 423268 618 424293 617 425318 616 426342 617 427366 618 428390 618 429414 618 430438 618 431462 618 432487 617 433511 617 434535 617 435559 618 436583 618 437607 618 438631 618 439655 618 440680 617 441705 617 442729 618 443753 618 444777 618 445801 618 446826 617 447850 617 448875 616 449899 616 450923 616 451947 616 452972 615 453997 614 455021 614 456046 613 457070 613 458094 613 459118 613 460143 612 461167 612 462191 612 463215 612 464239 612 465263 612 466288 611 467313 611 468337 611 469361 611 470385 611 471409 611 472434 610 473458 610 474482 610 475506 610 476530 610 477554 610 478579 609 479603 609 480627 609 481652 608 482677 607 483701 607 484725 607 485749 607 486774 606 487798 607 488823 606 489848 605 490872 605 491896 605 492921 604 493944 605 494968 605 495991 606 497014 607 498038 607 499061 608 500085 608 501109 608 502132 609 503155 610 504178 611 505202 611 506225 612 507249 612 508273 612 509295 614 510318 615 511342 615 512366 615 513389 616 514412 617 515435 618 516458 619 517441 5 517481 620 518463 14 518504 621 519486 16 519527 622 520507 24 520548 625 521529 31 521570 627 522552 33 522593 628 523575 670 524597 672 525621 672 526645 672 527670 671 528694 671 529718 671 530742 671 531766 671 532790 671 533814 671 534838 671 535862 671 536886 671 537910 671 538934 671 539958 671 540983 670 542007 670 543031 669 544055 669 545080 668 546105 667 547129 667 548153 667 549177 666 550201 666 551226 665 552250 665 553274 665 554298 664 555323 662 556347 662 557371 662 558396 660 559421 658 560446 656 561471 654 562497 649 563522 643 564548 629 565573 627 566600 582 567625 462 568650 461 569676 439 570701 425 571726 415 572751 413 573775 407 574800 399 575825 390 576850 389 577875 378 578900 368 579924 355 580948 354 581973 334 582999 321 584023 321 585048 312 586073 304 587099 215 587331 59 588123 214 588356 58 589148 207 589411 12 590173 199 591201 190 592226 188 593254 168 594283 141 595311 123 596336 121 597365 93 598397 71 599422 70 600453 56 601483 44 602510 37 603535 35 604563 23,10,"0,1,3,4,5,6,7,8,9,11,12,13,14,15,16,17,18,19,20,21,22,23,24,25,26,27,28,29,30,31,32,33,34,35,39,41,42,43,44,46,48,51,52,53,54,55,56,58,59,60,61,62,63,64,65,66,67,68,69,70,71,72,74,75,77,78,79,80,81,82,83,84,85,86,87,88,89,90,91,92,93,94,95,96,97,98,100,101,102,103,104,105,106,107,108,109,110,111,112,113,114,115,116,117,118,119,120,121,122,123,124,125,126,127,128,129,130,131,132,133,135,136,137,138,139,140,141,142,143,144,145,146,147,148,149,150,151,152,153,154,155,225,226,227,228,229,231,232,233,234,281,282,283,285,286,288,289,290,291,293,295,296,298,299,300,301,302,303,304,305,306,307,308,309,310,311,312,313,314,315,316,317,318,319,320,321,322,323,324,325,326,327,328,329,330,331,332,333,334,335,336,337,338,339,340"
60d05fa8bc73b960e13f73cb8a312b0e,380256 33 380302 1 381214 21 381256 99 382214 170 383233 179 384256 181 385278 189 386302 196 387325 201 388348 207 389372 212 390396 216 391420 217 392443 221 393467 227 394491 230 395516 234 396540 240 397564 246 398589 246 399615 248 400643 248 401669 250 402695 251 403724 252 404752 253 405777 253 406803 255 407831 256 408861 254 409888 254 410915 263 411945 265 412970 265 413997 266 415025 267 416053 268 417082 269 418109 269 419134 272 420164 267 421193 265 422221 262 423252 256 424282 250 425312 244 426337 243 427367 236 428406 220 429435 215 430464 209 431501 195 432533 186 433558 184 434587 178 435621 168 436651 161 437679 157 438707 152 439738 145 440763 144 441790 141 442821 134 443856 123 444886 117 445913 114 446943 108 447967 108 448996 103 450023 100 451054 94 452088 84 453116 80 454146 75 455171 74 456201 68 457230 63 458260 58 459291 52 460319 51 461348 47 462373 46 463401 43 464428 41 465456 39 466483 36 467509 34 468537 29 469562 27 470592 16,31,"156,157,158,159,160,171,204,205,206,207,208,209,210,211,212,213,214,215,216"
60d05fa8bc73b960e13f73cb8a312b0e,219380 12 219396 7 220403 25 220438 2 221426 27 221460 5 222449 29 222483 6 223472 31 223505 8 224496 42 225519 46 226542 53 227565 59 228588 62 229611 64 230632 69 231653 72 232677 73 233702 72 234727 71 235755 67 236780 66 237834 39 238889 11 239915 17 240939 21 241963 20 242987 19 244020 9 245045 7 246070 5 248133 16 249156 23 250179 25 251202 27 252227 26 253251 27 254276 26 255300 26 256336 15 257361 15 258396 8 259421 13 260445 15 261471 13 262495 12 263520 7 264544 6 265569 3 302432 3 303389 1 303401 4 303414 4 303428 4 303442 3 303455 5 304379 3 304390 13 304409 9 304422 10 304435 10 304449 9 304465 5 304480 3 305382 114 306405 116 307426 125 307559 2 308448 127 308582 3 309472 127 310494 128 311518 124 311648 1 312543 122 312672 2 313568 120 314594 118 315620 111 316644 109 316761 2 317669 107 318694 100 319721 86 319810 5 320745 85 320834 5 321770 57 321829 11 321844 8 322797 6 322812 37 322855 7 322869 6 323837 12 323850 9 324863 5,29,"2,3,4,10,11,25,31,32,146,161,162,165,169,171,172,173,174,175,176,177,178,179,183,184,186,188,192,193,199,225,338"
60d05fa8bc73b960e13f73cb8a312b0e,168627 21 169642 45 170664 54 171687 57 172711 60 173735 60 174759 64 175783 67 176807 71 177831 74 178856 76 179881 83 180905 84 181930 96 182955 103 183980 107 185004 111 186027 119 187051 120 188075 128 189099 143 189300 27 190122 151 190315 46 191146 157 191332 59 192171 160 192350 70 193195 258 194219 259 195244 272 196268 281 197293 283 198317 285 199341 287 200365 292 201389 292 202413 299 203437 305 204461 308 205485 311 206509 313 207533 320 208558 320 209582 328 210606 330 211630 331 212654 331 213678 331 214702 332 215726 332 216750 332 217774 332 218798 332 219822 331 220847 330 221872 329 222896 328 223920 328 224944 328 225968 328 226992 328 228016 328 229040 328 230064 328 231088 328 232112 328 233137 325 234161 325 235185 312 236209 307 237233 306 238257 301 239282 293 240306 289 241330 288 242354 287 243378 286 244402 286 245426 286 246450 286 247474 287 248499 287 249523 288 250548 287 251572 288 252596 288 253620 288 254645 287 255669 287 256694 286 257719 285 258743 285 259767 285 260792 282 261817 280 262841 278 263866 277 264890 276 265914 275 266938 275 267962 274 268986 274 270011 272 271035 271 272059 271 273083 271 274107 273 275131 276 276155 277 277179 278 278203 280 279227 281 280251 284 281276 288 282300 291 283324 292 284348 294 285373 294 286398 294 287422 297 288446 300 289471 302 290495 304 291520 305 292544 306 293568 307 294592 307 295616 308 296640 308 297664 309 298688 309 299712 309 300736 309 301761 308 302785 309 303809 309 304834 308 305858 308 306882 308 307906 308 308929 310 309953 311 310977 311 312001 311 313025 311 314049 310 315073 309 316097 307 317122 305 318146 303 319170 302 320194 299 321218 299 322241 296 323264 295 324288 293 325311 292 326335 289 327360 284 328384 283 329408 272 330432 263 331456 258 332481 254 333505 251 334529 247 335553 246 336577 239 337601 233 338626 228 339650 224 340675 219 341700 212 342725 210 343750 201 344775 192 345800 186 346825 142 346974 32 347849 97 348006 17 348874 77 349899 75 350924 62 351948 55 352973 50 353999 44 355032 14,6,"36,37,38,39,40,42,43,44,45,46,48,49,50,51,52,53,54,57,58,59,60,61,64,66,67,68,70,71,78,124,125,126,128,131,132,134,135,136,143,154,230,288,297,298,300,330,334"
60d05fa8bc73b960e13f73cb8a312b0e,37726 22 38744 37 39767 39 40784 48 41801 56 42822 59 43842 64 44864 67 45886 70 46909 71 47930 75 48950 79 49970 83 50986 91 52003 99 53020 106 54043 107 55061 113 56080 118 57099 123 58120 126 59139 131 60156 138 61179 139 62192 150 63202 164 64217 174 65234 181 66250 189 67273 190 68283 203 69285 225 70297 237 71317 241 72335 247 73352 255 74375 256 75390 265 76406 273 77423 280 78443 284 79462 289 80481 294 81505 294 82523 300 83541 306 84562 309 85581 314 86601 318 87619 324 88642 326 89661 331 90680 336 91701 339 92720 344 93738 350 94757 355 95780 356 96800 360 97821 363 98842 366 99862 370 100882 374 101900 381 102923 382 103945 384 104966 386 105987 389 107008 392 108030 394 109052 396 110075 397 111095 401 112115 405 113135 409 114156 412 115178 414 116201 415 117224 416 118246 418 119266 422 120286 426 121305 431 122327 433 123350 434 124372 436 125393 439 126413 443 127433 447 128452 452 129469 459 130493 458 131510 465 132523 476 133533 490 134546 501 135561 510 136572 522 137595 523 138605 537 139616 550 140635 555 141654 560 142673 564 143689 572 144713 572 145729 580 146746 586 147764 590 148785 593 149805 597 150826 597 151849 598 152871 599 153893 297 154238 255 154913 283 155278 239 155931 272 156313 227 156951 264 157348 215 157970 261 158378 208 158994 260 159403 206 160016 256 160432 201 161040 246 161463 192 162062 237 162495 183 163085 231 163525 176 164108 229 164554 170 165131 227 165583 164 166155 226 166608 162 167178 219 167636 158 168202 212 168666 153 169225 178 169694 149 170248 174 170724 143 171271 172 171753 138 172296 170 172781 134 173321 168 173806 133 174347 165 174833 130 175373 161 175862 124 176401 31 176441 90 176552 5 176889 121 177429 18 177476 78 177917 116 178456 10 178502 74 178944 113 179480 9 179525 74 179969 111 180505 7 180548 72 181001 103 181530 5 181571 70 182034 94 182554 2 182593 70 183069 82 183616 35 183652 33 184100 75 184640 29 184681 26 185129 69 185668 26 185703 27 186160 58 186693 26 186726 28 187185 56 187721 57 188220 42 188757 45 189255 24 189784 42 190809 41 191843 30 192879 16 193904 14 194939 1,31,"25,66,157,158,159,160,204,205,206,208,209,210,211,212,213,214,215,216,288,290"
ec22e11763ab9cb30ba1fb4b0a945cd4,255816 4 256840 9 257870 3 257888 5 257983 1 258908 24 259003 3 259932 30 260957 73 261045 2 261981 74 262068 2 263006 86 264031 83 264157 1 265056 81 266083 77 267107 78 268131 69 268206 3 269155 68 269230 3 270179 67 270254 3 271203 66 271278 3 272226 69 272301 4 273248 81 273338 1 273357 1 274272 81 274361 3 274381 1 275296 81 275384 4 275404 3 276319 82 276408 4 276427 5 277343 82 277432 4 277451 9 278367 82 278457 3 278475 11 279391 81 279482 2 279499 11 280414 82 280505 2 280522 13 281438 83 281547 12 282462 83 282572 11 283486 81 283597 9 284510 80 284621 9 285534 84 285646 8 286558 84 286671 6 287582 84 287698 2 288605 73 288684 6 289629 74 289708 6 290650 77 290732 2 290736 2 291673 78 291756 6 292694 80 292780 6 293716 82 293804 6 294740 82 294828 7 295767 93 296796 88 297830 78 298855 77 299882 73 300910 62 300973 6 301936 66 302962 48 303988 39 305013 35 306038 33 307064 29 308089 24 309118 13,23,
ec22e11763ab9cb30ba1fb4b0a945cd4,206143 11 207161 21 208176 31 209169 63 210192 64 211204 76 212221 83 213240 88 214252 100 215262 114 216280 120 217303 121 218322 126 219344 128 220365 131 221385 135 222407 137 223429 139 224452 140 225474 141 226496 143 227517 146 228540 147 229564 147 230588 147 231611 148 232635 148 233660 147 234684 147 235709 147 236737 143 237768 136 238797 131 239822 130 240853 123 241880 120 242909 115 243939 109 244967 105 245996 59 246060 35 247020 58 247084 35 248052 34 248130 9,31,"25,156,157,158,159,160,171,204,205,206,207,208,209,210,211,212,213,214,215,216,288"
ec22e11763ab9cb30ba1fb4b0a945cd4,331720 8 332741 15 333761 21 334781 25 335804 26 336826 29 337848 31 338869 34 339891 36 340914 37 341936 39 342959 40 343980 43 345002 45 346023 48 347044 51 348058 61 349054 7 349064 79 350077 9 350087 80 351100 91 352123 92 353145 94 354168 95 355191 96 356213 98 357233 102 358256 103 359278 105 360299 108 361322 109 362344 111 363365 114 364387 116 365410 117 366434 117 367458 117 368482 117 369506 117 370530 117 371554 117 372578 117 373602 116 374626 116 375651 115 376675 114 377699 113 378723 113 379747 112 380771 111 381796 17 381815 90 382820 17 382839 89 383844 107 384868 106 385892 103 386916 102 387940 95 388964 78 389988 74 391011 73 392035 71 393058 70 394081 70 395104 70 396128 67 397152 22 397184 31 398176 10 398215 10,23,
ec22e11763ab9cb30ba1fb4b0a945cd4,208161 15 209155 63 210178 65 211187 84 212205 92 213223 100 214244 105 215263 110 216284 113 217307 114 218329 116 219350 119 220372 121 221393 124 221756 228 222415 126 222762 252 223437 127 223774 268 224460 127 224798 269 225482 129 225813 283 226504 131 226825 295 227526 132 227813 331 228547 135 228823 343 229570 136 229831 359 230592 138 230840 374 231615 139 231863 374 232638 139 232880 381 233661 140 233900 385 234684 141 234919 390 235707 142 235940 393 236730 142 236962 394 237754 144 237982 399 238778 145 239004 401 239802 146 240027 402 240826 147 241049 404 241850 149 242071 407 242874 151 243093 409 243898 155 244115 411 244922 158 245136 415 245946 160 246158 418 246970 161 247181 419 247994 163 248204 420 249018 165 249226 422 250042 168 250249 423 251066 170 251272 424 252090 172 252293 427 253113 176 253309 435 254137 177 254332 435 255161 180 255344 446 256185 629 257209 629 258233 629 259257 629 260281 629 261305 629 262329 629 263354 628 264378 630 265402 630 266426 630 267450 630 268474 631 269498 631 270522 631 271546 632 272570 632 273594 633 274617 634 275641 635 276665 636 277689 636 278712 637 279736 638 280760 639 281783 640 282807 641 283831 641 284856 641 285880 641 286905 641 287930 640 288955 640 289979 640 291004 640 292029 639 293054 638 294078 638 295103 638 296129 637 297154 636 298179 635 299206 632 300233 629 301261 625 302288 623 303315 620 304342 617 305366 617 306393 614 307419 612 308445 610 309471 608 310497 606 311525 602 312550 601 313575 601 314601 599 315627 597 316653 595 317678 594 318702 594 319726 594 320749 595 321773 595 322796 596 323819 597 324843 597 325866 598 326890 598 327913 598 328936 599 329959 600 330983 600 332006 601 333030 601 334054 601 335077 602 336101 602 337124 603 338147 604 339171 604 340194 605 341216 607 342239 608 343261 610 344284 611 345305 614 346328 615 347350 616 348372 618 349395 619 350418 620 351440 622 352463 623 353486 624 354509 625 355532 626 356554 628 357577 629 358600 630 359623 631 360646 632 361667 635 362691 635 363715 635 364738 636 365761 637 366784 638 367807 639 368830 640 369854 640 370877 641 371900 642 372923 643 373947 643 374970 644 375994 644 377018 644 378042 644 379066 644 380090 645 381114 645 382138 645 383162 645 384186 645 385210 645 386234 645 387258 179 387448 455 388282 178 388476 451 389306 179 389503 448 390330 179 390530 445 391354 179 391559 440 392378 180 392583 440 393402 181 393607 440 394426 182 394631 440 395451 184 395656 439 396475 186 396680 439 397499 186 397705 439 398523 187 398729 439 399547 188 399753 439 400571 189 400777 439 401596 189 401800 440 402620 190 402824 440 403644 192 403848 440 404668 195 404871 441 405692 198 405895 441 406716 644 407741 643 408766 642 409790 642 410814 642 411838 642 412862 642 413886 195 414088 440 414911 191 415113 439 415935 190 416138 438 416959 187 417164 436 417983 186 418192 432 419008 183 419224 424 420032 181 420259 413 421056 180 421291 405 422080 100 422192 33 422237 23 422323 397 423104 100 423217 31 423261 23 423348 396 424129 99 424244 21 424293 13 424376 392 425154 97 425272 12 425323 4 425404 388 426179 96 426299 6 426434 382 427204 94 427465 375 428229 93 428499 365 429254 91 429535 353 430279 89 430560 352 431305 87 431592 344 432330 85 432619 341 433357 82 433646 338 434382 81 434673 335 435407 80 435700 332 436431 80 436729 327 437456 79 437611 6 437758 322 438480 80 438635 7 438783 321 439505 79 439656 12 439825 303 440529 79 440678 18 440874 278 441554 78 441700 23 441907 269 442578 78 442686 2 442723 26 442937 263 443603 77 443707 6 443746 30 443965 259 444628 76 444731 7 444769 34 444992 256 445652 77 445754 8 445792 35 446017 255 446677 77 446779 6 446816 34 447044 252 447702 77 447806 1 447840 33 448072 248 448727 78 448864 32 449103 241 449752 78 449889 29 450135 233 450777 85 450914 28 451170 222 451802 87 451938 27 452208 208 452827 87 452962 26 453233 207 453852 87 453986 25 454266 198 454877 87 455011 23 455296 192 455902 86 456035 23 456324 188 456927 85 457059 22 457352 184 457953 86 458083 21 458379 181 458979 88 459107 21 459410 174 460004 88 460130 21 460435 173 461029 91 461154 21 461467 165 462054 95 462177 22 462504 152 463079 97 463200 23 463574 106 464104 99 464224 21 464608 96 465130 101 465247 22 465639 89 466154 103 466270 23 466669 82 467178 104 467294 22 467694 81 468203 104 468317 23 468723 76 469228 105 469338 25 469752 71 470253 105 470359 28 470780 65 471278 133 471810 58 472303 132 472842 49 473330 129 473874 39 474354 129 474899 37 475381 126 475933 26 476407 123 476979 1 477434 120 478460 118 479487 115 480512 114 481536 114 482561 113 483586 112 484611 111 485636 110 486662 108 487687 107 488711 107 489736 106 490761 105 491786 103 492811 101 493838 96 494866 90 495894 84 496918 83 497947 76 498974 71 500002 65 501029 60 502058 52 503085 47 504110 45 505139 37 506169 18,10,"0,1,2,3,4,5,6,7,8,9,10,11,12,13,14,15,16,17,18,19,20,21,22,23,24,25,26,27,28,29,30,31,32,33,34,35,39,41,42,43,44,46,48,49,51,54,55,56,58,59,60,61,62,63,64,65,66,67,68,69,70,72,74,75,77,78,79,80,81,82,83,84,85,86,87,88,89,90,91,92,93,94,95,96,97,98,100,101,102,103,104,105,106,107,108,109,110,111,112,113,114,115,116,117,118,119,120,121,122,123,124,125,126,127,128,129,130,131,132,133,134,135,136,137,138,139,140,141,142,144,145,146,147,148,149,150,151,152,153,154,155,225,226,227,228,229,231,232,233,234,281,282,283,285,286,288,289,290,291,292,293,295,296,298,299,300,301,302,303,304,305,306,307,308,309,310,311,312,313,314,315,316,317,318,319,320,321,322,323,324,325,326,327,328,329,330,331,332,333,334,335,336,337,338,339,340"
ec22e11763ab9cb30ba1fb4b0a945cd4,406877 2 407892 20 408915 22 409929 36 410939 54 411023 1 411960 59 412041 11 412979 66 413062 17 413997 76 414082 24 414958 26 415017 83 415105 27 415981 27 416040 85 416129 28 416965 14 416989 50 417059 92 417152 30 417988 81 418081 126 419011 85 419103 129 420035 222 421058 224 422082 224 423106 224 424130 225 425153 226 426177 226 427201 226 428225 155 428383 67 429249 149 429410 64 430274 147 430435 63 431298 137 431461 60 432322 136 432485 59 433346 135 433509 59 434370 133 434533 58 435395 103 435500 25 435557 57 436419 103 436524 28 436581 57 437443 103 437548 33 437604 58 438467 104 438572 34 438628 57 439491 104 439596 35 439652 57 440517 102 440620 37 440675 57 441542 139 441699 57 442567 138 442723 56 443593 135 443746 56 444618 134 444770 55 445643 133 445794 54 446668 95 446764 36 446818 53 447693 93 447792 31 447843 51 448720 90 448819 27 448868 50 449746 87 449853 17 449892 49 450771 86 450878 15 450916 49 451796 86 451903 13 451939 49 452821 85 452928 11 452962 50 453846 85 453953 9 453986 50 454872 92 454977 8 455009 51 455897 89 456002 6 456032 50 456923 86 457056 50 457948 84 458080 50 458973 83 459104 49 459997 83 460128 48 461022 83 461152 48 462049 81 462175 48 463075 81 463198 48 464100 81 464221 48 465125 81 465244 48 466150 81 466267 48 467175 81 467290 48 468201 80 468313 49 469226 80 469336 49 470251 79 470359 49 471276 79 471382 48 472301 80 472404 49 473327 79 473427 49 474352 79 474450 49 475377 79 475473 50 476403 78 476496 50 477428 78 477519 50 478453 79 478541 52 479478 138 480503 136 481529 134 482554 132 483581 129 484606 127 485630 126 486655 125 487681 122 488706 121 489731 120 490757 117 491782 116 492807 114 493831 113 494857 110 495884 107 496909 105 497934 103 498960 101 499985 99 501013 94 502039 91 503065 89 504090 87 505116 85 506142 83 507168 81 508194 78 509220 76 510246 73 511271 71 512296 70 513321 69 514346 67 515371 65 516397 63 517422 61 518446 61 519471 60 520496 58 521521 56 522547 54 523572 52 524598 49 525623 48 526648 47 527673 46 528698 45 529724 41 530751 36 531777 33 532803 30 533828 28 534859 15,31,"156,157,158,159,160,171,204,205,206,207,208,209,210,211,212,213,214,215,216"
ec22e11763ab9cb30ba1fb4b0a945cd4,255940 12 256962 18 257984 23 259006 26 260025 33 261047 36 262070 38 263092 41 264114 43 265137 45 266160 46 267185 45 268209 45 269233 45 270257 45 271281 45 272305 45 273329 9 273339 18 273358 16 274353 8 274364 17 274382 16 275377 7 275388 16 275407 15 276401 7 276412 15 276432 14 277425 7 277436 15 277460 10 278449 8 278460 15 278486 8 279472 10 279484 15 279510 8 280496 9 280507 15 280535 7 281521 26 281559 7 282545 27 282583 7 283567 30 283606 8 284590 31 284630 8 285618 28 285654 8 286642 29 286677 8 287666 32 287700 9 288678 6 288690 43 289703 5 289714 42 290727 5 290734 2 290738 42 291751 5 291762 41 292774 6 292786 41 293798 6 293810 41 294822 6 294835 38 295860 37 296884 37 297908 36 298932 35 299955 35 300972 1 300979 34 302002 32 303026 29 304054 22 305083 11 306108 9,23,
ec22e11763ab9cb30ba1fb4b0a945cd4,220815 12 220848 10 221823 93 222793 14 222826 125 222980 10 223800 225 224823 227 225835 245 226848 260 227856 279 228835 14 228867 295 229846 342 230862 351 231885 352 232903 358 233921 364 234937 372 235955 378 236975 381 237995 385 239017 387 240040 388 241061 391 242076 400 243092 407 244112 411 245133 414 246154 417 247177 418 248197 422 249219 424 250241 426 251263 428 252286 429 253309 430 254332 431 255354 433 256377 434 257400 434 258421 437 259444 438 260469 437 261494 436 262519 436 263543 436 264568 435 265592 435 266616 436 267640 436 268665 435 269689 435 270713 435 271737 436 272760 437 273784 437 274808 437 275832 437 276856 437 277880 437 278904 438 279928 438 280953 438 281977 439 283001 440 284026 440 285050 440 286075 440 287099 440 288123 441 289147 442 290171 442 291195 443 292219 444 293244 444 294268 444 295292 445 296316 446 297340 447 298364 447 299388 447 300412 448 301438 448 302462 449 303486 450 304510 450 305534 450 306558 451 307582 451 308606 451 309630 452 310654 452 311678 452 312702 452 313726 452 314750 453 315773 454 316796 455 317820 455 318844 455 319868 455 320892 454 321916 454 322940 454 323964 454 324988 454 326012 454 327036 454 328060 454 329084 454 330108 454 331131 455 332155 455 333179 455 334203 455 335227 455 336251 455 337275 455 338299 454 339323 454 340347 454 341371 454 342395 454 343419 453 344443 453 345467 452 346492 451 347516 451 348540 450 349564 449 350588 448 351612 447 352638 445 353662 444 354686 443 355710 442 356735 441 357760 439 358784 439 359809 437 360834 435 361859 433 362884 432 363909 431 364934 430 365958 430 366983 429 368007 429 369032 428 370056 428 371081 427 372105 428 373129 428 374153 428 375178 429 376202 429 377226 429 378250 430 379275 429 380299 430 381323 431 382347 431 383371 431 384395 431 385420 430 386445 429 387469 429 388493 429 389517 430 390541 430 391565 430 392589 431 393614 431 394638 432 395662 433 396686 434 397710 434 398735 434 399759 435 400783 435 401807 435 402832 434 403857 432 404882 431 405907 430 406933 428 407957 428 408982 427 410008 425 411034 423 412060 421 413086 420 414113 417 415142 412 416167 412 417193 410 418219 408 419244 407 420270 405 421296 403 422323 400 423348 399 424375 396 425408 387 426439 379 427466 376 428492 374 429520 370 430545 370 431572 367 432602 361 433639 348 434678 333 435712 324 436741 319 437770 314 438795 313 439822 310 440852 304 441884 296 442931 273 443962 266 444991 261 446016 260 447045 255 448071 253 449097 251 450126 246 451157 239 452192 228 453217 227 454252 216 455283 209 456311 205 457337 203 458364 200 459391 197 460416 196 461454 182 462507 153 463566 118 464600 107 465629 102 466657 98 467682 97 468711 90 469743 80 470783 46,8,"0,1,5,6,7,11,12,14,15,18,23,25,30,31,34,36,37,38,39,40,41,42,43,44,45,46,48,49,50,51,52,53,54,55,56,57,58,59,60,61,62,63,64,65,66,67,68,69,70,71,72,74,75,76,77,78,79,82,84,88,90,92,94,95,96,97,98,100,101,102,103,104,105,106,107,108,109,110,111,112,113,114,115,116,117,118,119,120,121,122,123,124,125,126,127,128,129,130,131,132,133,134,135,136,137,138,139,140,141,142,143,144,145,147,148,149,150,151,152,153,154,155,226,227,228,229,230,231,232,233,234,281,282,283,285,286,288,289,290,292,293,295,296,297,298,299,300,301,302,303,304,305,306,307,308,309,310,311,312,313,314,315,316,317,318,319,320,321,322,323,324,325,326,327,328,329,330,331,332,333,334,335,336,337,338,339,340"
ec22e11763ab9cb30ba1fb4b0a945cd4,302271 7 303294 16 304321 15 305345 16 306375 11 307408 2 326894 3 327917 4 328940 5 329963 6 330985 8 332008 8 333029 8 334052 9 335075 10 336099 8 337120 10 338143 11 339165 8 340188 8 341210 9 342233 9 343256 8 344278 9 345301 9 346324 7 347347 7 348368 9 349392 9 350415 10 351436 10 352458 11 353481 11 354503 12 355526 10 356549 11 357572 9 358595 8 359617 9 360640 9 361663 9 362685 8 363708 8 364731 8 365754 9 366776 9 367797 10 368820 8 369843 7 370866 6 371890 5,33,"161,162,163,164,165,166,167,168,169,170,171,172,174,179,181,182,183,184,185,186,188,190,191,192,193,194,195,196,197,198,199,201,203"
9405a818d917c81a09bda5488020127a,309180 8 310201 16 311223 19 312246 20 313268 23 314291 24 315312 27 316334 29 317357 30 318378 33 319400 35 320418 41 321438 45 322458 49 323478 53 324496 59 325519 60 326539 64 327557 70 328575 76 329588 87 330607 92 331667 56 332692 55 333716 55 334740 55 335764 55 336787 56 337811 56 338835 56 339859 56 340883 56 341907 56 342931 56 343954 57 344965 2 344977 58 346003 55 347027 55 348053 3 348074 32 349098 32 350122 32 351146 32 352170 32 353124 1 353194 32 354218 31 355242 30 356266 29 357221 1 357290 28 358245 1 358314 26 359269 1 359337 26 360293 1 360354 21 360381 2 361317 1 361373 13 362341 1 362390 3 362396 9 363365 1 363420 3,23,217
9405a818d917c81a09bda5488020127a,363401 19 364391 1 364419 27 365414 3 365436 35 366437 58 367461 58 368484 59 369505 63 370528 64 371552 63 372575 64 373599 64 374623 64 375647 64 376671 64 377695 63 378719 63 379743 62 380768 61 381794 58 382822 53 383847 51 384874 46 385900 43 386926 39 387952 36 388980 31 390007 24 391033 20 392061 12 393086 10,23,217
9405a818d917c81a09bda5488020127a,331621 46 332643 49 333666 50 334688 52 335712 52 336734 53 337758 53 338782 53 339806 53 340831 52 341856 51 342881 50 343906 48 344930 35 344967 10 345955 48 346979 48 348004 49 348056 18 349028 70 350052 70 351076 70 352100 70 353125 69 354149 69 355173 69 356197 69 357222 68 358246 68 359270 67 360294 60 361318 55 362342 48 362393 3 363366 35 364389 2 364392 27 365413 1 365417 19 366436 1 367459 2 368482 2 369503 2 370524 4 371547 5 371615 1 372571 4 372639 1 373595 4 373663 1 374619 4 375643 4 376667 4 377691 4 377758 1 378715 4 378782 1 379740 3 379805 1 380765 3 390006 1,23,
9405a818d917c81a09bda5488020127a,281976 1 283000 1 284024 1 285048 1 286071 1 287095 1 288119 1 289143 1 290167 1 292214 1 293237 2 294261 2 295285 2 296309 2 297333 2 298357 1 301428 1 302452 1 303476 1 304500 1 305524 1 306548 1 307572 1 311667 1 312691 1 313715 1 314739 1 315763 1 316787 1 317811 1 335218 1 336242 1 337266 1 338290 1 339314 1 340338 1 341362 1 342386 1 343410 1 344434 1 345458 1 346482 1 356724 1 357747 1 359794 1 361841 1 362865 1 363889 1 364912 2 365936 2 366960 2 367984 2 369008 2 370032 2 371056 2 372080 2 373103 4 374127 4 375151 4 376175 4 377199 4 378223 4 379247 4 380271 4 381295 4 382319 4 383343 4 384367 4 385391 4 386415 4 387439 4 388463 4 389488 2 390512 2 391536 2 392560 2 393584 2 394608 2 395632 3 396656 3 397680 2 398703 3 399727 3 400751 3 401775 3 402799 2 403823 2 404848 1 405872 1,19,
9405a818d917c81a09bda5488020127a,279931 2 280953 6 281977 7 283001 8 284025 8 285049 8 286072 9 287096 9 288120 9 289144 9 290168 9 291191 10 292215 10 293239 10 294263 10 295287 10 296311 10 297335 10 298358 11 299381 12 300405 12 301429 12 302453 12 303477 12 304501 12 305525 12 306549 12 307573 12 308596 13 309620 13 310644 12 311668 12 312692 12 313716 12 314740 12 315764 12 316788 12 317812 12 318835 13 319859 12 320883 12 321907 12 322931 12 323955 12 324979 12 326003 12 327027 12 328051 12 329075 12 330099 12 331123 12 332147 12 333171 12 334195 12 335219 12 336243 12 337267 10 338291 10 339315 10 340339 10 341363 10 342387 10 343411 10 344435 10 345459 10 346483 10 347506 11 348530 11 349554 11 350578 10 351602 8 352625 8 353649 8 354673 7 355697 6 356721 3 357745 2 358769 2 359793 1 360817 1,19,
9405a818d917c81a09bda5488020127a,260392 16 261410 32 262430 41 263451 47 264472 54 265496 55 266516 64 267537 72 267694 23 267800 28 268558 82 268704 63 268799 69 269574 99 269714 183 270558 23 270588 116 270728 198 271573 380 272596 384 273619 386 274642 389 275665 395 276688 400 277711 408 278734 420 279758 436 280781 444 281804 446 282828 447 283852 447 284875 449 285897 452 286920 453 287943 455 288966 456 289989 457 291012 458 292036 459 293059 460 294083 460 295106 461 296129 462 297153 462 298177 462 299200 463 300224 463 301248 463 302272 463 303296 463 304320 463 305344 463 306369 462 307393 462 308417 462 309442 461 310467 460 311491 460 312515 460 313539 460 314563 460 315587 460 316612 459 317636 459 318660 459 319684 459 320709 458 321733 458 322758 457 323782 457 324806 457 325831 456 326856 455 327880 455 328905 454 329929 454 330953 454 331977 454 333001 454 334024 455 335048 455 336072 455 337096 455 338120 455 339143 456 340167 456 341192 455 342216 455 343240 455 344264 455 345288 455 346312 455 347336 455 348361 454 349385 454 350408 455 351432 455 352455 456 353479 456 354502 457 355525 458 356548 459 357572 459 358595 460 359619 460 360644 459 361668 459 362692 459 363716 459 364741 458 365765 458 366789 458 367813 458 368837 458 369861 458 370886 457 371910 457 372934 457 373958 457 374982 457 376006 457 377030 457 378054 457 379079 456 380104 455 381129 454 382153 454 383178 453 384203 452 385228 451 386253 450 387277 450 388302 449 389328 447 390353 446 391379 444 392404 443 393429 442 394458 437 395486 433 396513 430 397542 425 398569 422 399599 416 400623 416 401653 411 402683 405 403709 403 404735 401 405761 399 406786 398 407813 395 408838 393 409864 391 410893 386 411922 381 412951 376 413979 372 415007 368 416033 366 417058 365 418084 363 419111 360 420140 355 421191 15 421226 293 422258 285 423286 281 424313 278 425339 276 426364 276 427390 273 428416 271 429444 267 430472 263 431498 261 432525 258 433550 256 434575 255 435601 253 436627 251 437655 246 438684 239 439715 232 440743 228 441771 223 442795 222 443822 217 444848 206 445873 193 446899 177 447925 159 448951 151 449980 143 451005 141 452031 135 453057 130 454083 125 455109 122 456135 119 457162 115 458189 111 459214 109 460241 105 461267 102 462293 100 463318 98 464344 95 465372 90 466400 85 467430 78 468455 76 469485 68 470516 59 471546 49 472575 40 473604 32 474632 25,10,"0,1,3,4,5,6,7,8,9,10,11,12,14,15,16,17,18,19,20,21,22,23,24,25,27,28,29,30,31,32,33,34,35,39,41,42,43,44,46,48,49,51,52,54,56,58,59,60,61,62,63,64,65,66,67,68,69,70,72,74,75,76,77,78,79,80,81,82,83,84,85,86,87,88,89,90,92,93,94,95,96,97,98,100,101,102,103,104,105,106,107,108,109,110,111,112,113,114,115,116,117,118,119,120,121,122,123,124,125,126,127,128,129,130,131,132,133,134,135,136,137,138,139,140,141,142,144,145,146,147,148,149,150,151,152,153,154,155,178,225,226,227,228,229,231,232,233,234,281,282,283,285,286,288,289,290,291,293,295,296,298,299,300,301,302,303,304,305,306,307,308,309,310,311,312,313,314,315,316,317,318,319,320,321,322,323,324,325,326,327,328,329,330,331,332,333,334,335,336,337,338,339,340"
9405a818d917c81a09bda5488020127a,269842 29 270858 53 271788 19 271818 18 271859 82 272801 68 272873 99 273824 70 273896 101 274836 189 275858 195 276881 199 277904 202 278928 207 279952 212 280976 220 282000 226 283024 227 284048 231 285072 234 286096 241 287120 254 288144 265 289168 274 290192 278 291216 279 292240 284 293264 289 294289 293 295313 296 296337 299 297361 303 298385 310 299408 312 300432 325 301456 338 302480 348 303503 355 304527 361 305551 367 306575 378 307599 379 308624 388 309647 395 310671 397 311695 400 312719 405 313743 412 314766 416 315789 420 316813 421 317837 423 318861 425 319885 429 320909 431 321933 433 322957 434 323981 436 325005 437 326029 438 327053 440 328077 444 329101 447 330125 448 331150 447 332175 447 333199 447 334223 447 335247 448 336271 449 337295 449 338319 450 339343 452 340367 452 341390 454 342413 456 343438 455 344463 455 345487 455 346511 456 347535 457 348559 85 348648 368 349583 87 349672 369 350607 459 351631 460 352654 461 353677 463 354701 464 355725 464 356749 464 357773 464 358797 464 359822 464 360847 463 361871 86 361960 374 362895 463 363919 464 364942 465 365965 466 366989 467 368013 467 369037 467 370061 467 371085 467 372109 467 373133 467 374157 467 375181 467 376205 467 377229 468 378253 469 379277 469 380301 469 381325 469 382349 469 383373 469 384397 469 385421 469 386445 469 387469 470 388493 470 389517 470 390541 470 391564 471 392588 471 393612 470 394636 470 395660 470 396684 470 397709 469 398733 82 398827 375 399757 74 399854 372 400781 73 400879 371 401805 39 401845 26 401904 370 402829 65 402928 370 403853 64 403952 370 404877 63 404976 368 405901 63 406001 367 406924 63 407029 363 407949 61 408056 359 408973 60 409081 357 409998 56 410108 353 411023 35 411134 347 412047 31 412160 341 413072 28 413187 333 414097 25 414213 328 415121 26 415237 321 416145 26 416261 310 417169 27 417285 309 418193 27 418309 268 418591 12 419217 28 419333 236 420241 28 420357 228 421265 29 421382 221 422291 27 422409 212 423319 24 423436 202 424346 22 424463 191 425370 22 425489 184 426395 21 426514 183 427420 20 427539 178 428447 16 428563 175 429472 13 429508 1 429586 166 430498 8 430525 12 430608 156 431547 16 431631 147 432570 19 432654 143 433594 20 433677 142 434618 20 434701 141 435643 20 435686 1 435726 137 436669 18 436709 2 436751 131 437694 17 437732 3 437776 120 438719 18 438755 5 438801 109 439745 18 439776 11 439826 102 440770 15 440797 17 440850 98 441821 18 441874 92 442845 19 442897 92 443869 19 443919 79 444893 19 444940 74 445917 19 445956 77 446941 19 446976 79 447971 8 448008 2 448033 30,6,"1,5,14,18,20,24,25,30,31,33,34,36,37,38,39,40,41,42,43,44,45,46,47,48,49,50,51,52,53,54,55,56,57,58,59,60,61,62,63,64,65,66,67,68,69,70,71,72,74,75,76,77,78,79,80,81,82,83,84,85,86,87,88,89,90,92,93,94,95,96,97,98,100,101,102,103,104,105,106,107,108,109,110,111,112,113,114,115,116,117,118,119,120,121,122,123,124,125,126,127,128,129,130,131,132,133,134,135,136,137,138,139,140,141,142,143,144,145,147,148,149,150,151,152,153,154,155,225,226,227,228,229,230,231,232,233,234,281,282,283,285,286,288,289,290,291,292,293,295,296,297,298,299,300,301,302,303,304,305,306,307,308,309,310,311,312,313,314,315,316,317,318,319,321,322,323,324,325,326,327,328,329,330,331,332,333,334,335,337,338,339,340"
9405a818d917c81a09bda5488020127a,260375 36 261394 52 262415 59 263437 64 264461 68 265485 69 266509 72 267533 77 268557 87 269580 93 270604 95 271576 7 271628 97 272599 11 272651 102 273623 12 273674 103 274645 17 274697 107 275668 22 275721 108 276692 24 276744 111 277715 27 277768 112 278738 29 278793 112 279761 32 279818 112 280785 35 280852 102 281809 38 281881 98 282832 39 282906 97 283856 40 283933 94 284879 42 284959 92 285903 45 285985 90 286926 48 287014 85 287949 51 288047 76 288972 54 289075 72 289996 55 290100 71 291019 57 291124 71 292042 59 292146 73 293065 63 293167 76 294088 69 294189 78 295111 72 295211 80 296134 73 296234 81 297158 75 297259 80 298181 78 298284 79 299204 80 299309 78 300227 85 300337 74 301250 88 301367 68 302273 91 302392 67 303297 92 303416 67 304321 107 304438 69 305345 186 306369 186 307393 186 308417 186 309441 186 310465 186 311489 186 312513 186 313537 186 314561 186 315585 186 316610 185 317635 184 318660 183 319685 182 320709 182 321734 181 322758 181 323782 181 324806 181 325831 179 326855 179 327879 179 328903 179 329928 178 330952 177 331976 177 333000 176 334024 175 335048 174 336072 173 337096 173 338120 172 339145 171 340169 171 341193 170 342217 170 343241 170 344265 169 345288 170 346312 170 347336 169 348360 169 349384 169 350408 169 351432 170 352456 170 353479 171 354503 171 355527 170 356551 170 357575 170 358599 170 359622 171 360645 172 361668 173 362691 174 363715 174 364738 175 365761 176 366785 176 367809 176 368832 177 369856 176 370880 176 371904 176 372928 176 373952 175 374977 174 376001 174 377026 173 378051 172 379076 171 380100 171 381126 168 382151 166 383176 165 384202 163 385227 162 386252 161 387277 160 388302 158 389327 157 390351 157 391376 156 392401 155 393426 154 394451 153 395478 150 396506 14 396529 123 397535 7 397558 118 398562 2 398584 116 399611 113 400636 112 401662 110 402687 109 403712 107 404737 106 405762 105 406787 104 407813 102 408838 101 409866 97 410892 95 411917 94 412943 92 413968 90 414994 88 416028 77 417053 75 418085 66 419112 61 420140 54 421179 11 421191 9,1,"0,1,2,3,4,5,6,7,8,9,10,11,12,13,14,15,16,17,18,19,20,21,22,24,25,27,28,29,30,31,32,33,34,35,58,66,82,84,85,87,88,90,96,102,103,104,109,110,111,112,113,114,115,116,135,136,137,138,140,141,142,144,145,146,147,148,149,165,169,171,172,173,174,175,176,177,178,188,192,225,226,227,228,229,231,232,233,234,281,282,283,285,286,288,289,290,291,292,293,295,296,299,301,302,303,305,306,308,310,311,312,313,314,315,316,317,318,319,320,321,322,323,324,325,326,327,328,329,330,331,332,333,334,335,337,338,339,340"
10ae8bdd823a935b4f107134b62bbc8a,315876 14 316559 15 317238 22 317920 26 318603 27 319286 28 319969 29 320652 30 321336 30 322020 30 322704 29 323388 28 324071 28 324755 27 325438 28 326122 27 326806 26 327489 26 328172 27 328855 28 329538 28 330221 29 330904 29 331587 29 332270 29 332953 30 333636 30 334319 31 335001 33 335684 33 336366 35 337049 35 337731 36 338414 37 339096 39 339778 41 340460 42 341142 43 341791 9 341823 46 342472 15 342505 47 343153 22 343186 49 343835 83 344517 85 345199 86 345880 89 346561 91 347244 91 347926 92 348608 93 349291 92 349973 93 350655 94 351338 94 352021 94 352704 93 353387 93 354070 93 354753 93 355436 93 356119 93 356802 93 357485 93 358168 93 358856 88 359542 84 360226 83 360910 82 361595 80 362280 77 362965 74 363651 70 364335 68 365019 66 365704 63 366389 60 367073 58 367760 53 368445 50 369134 43 369823 36 370511 30 371201 20 371887 13 372571 11,31,"53,156,157,158,159,160,204,205,206,207,208,209,210,211,212,213,214,215,216,288"
10ae8bdd823a935b4f107134b62bbc8a,352613 32 353295 37 353976 40 354657 42 355339 43 356021 45 356703 46 357385 48 358067 49 358749 51 359430 53 360112 55 360794 56 361476 58 362159 59 362841 60 363524 60 364206 62 364889 62 365571 63 366253 64 366936 64 367619 65 368301 66 368984 66 369666 67 370349 67 371031 68 371714 67 372397 67 373080 66 373762 66 374444 65 375127 57 375810 51 376492 51 377175 44 377858 43 378540 42 379223 35 379906 32 380588 31 381271 30 381953 30 382636 29 383318 30 384000 30 384683 30 385365 31 386047 30 386729 29 387411 29 388093 30 388775 30 389457 30 390140 30 390822 31 391505 31 392187 32 392869 33 393552 33 394235 33 394917 34 395599 34 396281 35 396964 35 397646 35 398329 34 399011 35 399694 35 400377 35 401060 35 401743 35 402426 35 403108 36 403792 35 404475 35 405158 35 405841 35 406524 35 407207 35 407890 35 408574 34 409257 34 409940 34 410623 34 411306 34 411989 34 412672 35 413356 34 414039 34 414722 34 415406 33 416089 34 416772 34 417455 34 418139 33 418822 33 419505 34 420189 33 420872 33 421555 33 422239 32 422923 32 423606 33 424290 33 424973 33 425657 33 426340 33 427024 32 427707 32 428390 33 429074 32 429757 33 430441 33 431125 33 431809 33 432493 35 433177 34 433247 13 433861 34 433924 2 433929 15 434545 33 434606 23 435229 33 435288 27 435913 34 435964 5 435970 29 436597 34 436645 38 437281 86 437965 85 438648 86 439332 85 440016 84 440700 83 441383 84 442067 83 442751 82 443434 82 444118 81 444801 81 445485 80 446168 80 446851 80 447534 80 448219 78 448903 76 449587 75 450270 75 450953 75 451637 74 452320 73 453004 71 453688 70 454371 69 455055 68 455738 67 456422 65 457106 64 457789 63 458474 59 459159 54 459843 47 460527 45 461210 44 461894 42 462579 38 463264 29 463297 1 463948 26 464634 23 465319 20 466003 14 466688 2 466694 4 467378 2,14,171
10ae8bdd823a935b4f107134b62bbc8a,338429 4 339111 5 339791 8 340470 13 341148 19 341828 24 342506 29 343185 33 343866 36 344548 37 345229 39 345909 41 346586 47 347260 56 347937 61 348618 62 349300 63 349572 13 349982 64 350254 15 350663 66 350933 21 351345 67 351612 27 352026 69 352287 37 352707 71 352958 52 353388 74 353631 64 354070 76 354310 70 354752 77 354991 73 355434 78 355673 75 356117 78 356354 77 356799 79 357033 81 357481 80 357712 85 358163 81 358390 90 358845 82 359068 95 359527 83 359746 101 360208 85 360427 104 360890 86 361109 105 361572 87 361790 107 362255 87 362471 109 362937 88 363152 111 363620 89 363831 115 364302 90 364509 118 364985 90 365188 122 365668 90 365868 125 366351 90 366549 127 367033 91 367232 127 367716 92 367914 128 368399 92 368596 128 369082 93 369276 131 369765 93 369957 133 370448 94 370637 135 371131 94 371318 137 371814 95 372000 137 372497 96 372682 138 373180 96 373364 139 373863 96 374046 140 374546 96 374727 141 375229 98 375406 145 375913 97 376085 149 376596 97 376766 150 377279 98 377447 152 377962 98 378129 153 378645 99 378810 155 379329 101 379492 156 380012 105 380171 160 380695 111 380849 165 381379 318 382063 317 382746 317 383430 316 384114 315 384798 314 385481 314 386165 313 386848 313 387532 312 388215 312 388898 312 389582 311 390265 311 390949 310 391632 310 392316 309 392999 309 393682 309 394366 309 395049 309 395733 308 396416 308 397099 308 397784 306 398468 305 399152 304 399836 303 400519 303 401203 303 401886 303 402569 303 403252 303 403936 302 404619 302 405302 302 405985 302 406668 302 407351 302 408035 301 408718 301 409402 301 410086 300 410769 300 411453 299 412136 299 412819 299 413503 298 414186 298 414869 298 415552 298 416235 298 416918 298 417601 298 418284 298 418967 298 419651 297 420334 297 421017 297 421701 296 422384 296 423067 296 423751 295 424434 295 425117 295 425800 295 426483 295 427166 295 427849 295 428532 295 429215 296 429898 296 430581 296 431264 296 431947 296 432630 296 433313 296 433996 296 434679 296 435362 295 436044 297 436726 298 437407 300 438089 301 438769 304 439451 305 440132 307 440814 308 441494 312 442176 313 442857 315 443537 318 444217 321 444899 322 445580 324 446262 325 446944 121 447080 190 447626 118 447779 174 448309 116 448466 171 448992 114 449152 169 449674 114 449840 164 450356 114 450524 163 451039 112 451209 161 451722 109 451894 159 452404 108 452579 157 453086 106 453263 156 453768 105 453948 154 454450 104 454634 151 455132 62 455197 39 455321 147 455814 55 455882 36 456008 143 456496 55 456566 34 456692 142 457178 55 457251 31 457377 140 457860 49 457936 28 458063 137 458543 44 458620 26 458747 136 459225 43 459306 21 459432 134 459908 43 459993 15 460117 132 460590 44 460686 3 460803 129 461273 44 461488 128 461956 44 462172 127 462638 45 462857 125 463321 45 463542 123 464004 45 464227 121 464687 44 464912 119 465370 43 465597 117 466053 43 466284 113 466736 42 466971 109 467419 42 467655 108 468102 42 468342 103 468785 42 469029 99 469468 42 469715 96 470151 42 470400 94 470834 42 471085 92 471518 42 471772 88 472201 42 472459 84 472884 42 473143 83 473567 42 473829 80 474250 43 474514 78 474933 43 475199 76 475616 44 475884 74 476300 43 476569 70 476983 43 477256 65 477666 44 477944 59 478350 44 478627 59 479033 44 479316 52 479716 45 480007 42 480399 46 480695 35 481083 45 481382 30 481766 47 482069 24 482450 48 482757 17 483134 48 483817 50 484501 50 485185 50 485869 51 486553 50 487237 49 487921 49 488605 48 489289 47 489973 46 490656 46 491340 45 492024 44 492708 42 493396 32 494087 8,10,"0,1,3,4,5,6,7,8,9,11,12,14,15,16,17,18,19,20,21,22,23,24,25,26,27,29,30,31,32,33,34,35,36,37,39,40,41,42,43,44,45,46,48,49,50,51,52,53,54,55,56,57,58,59,60,61,62,63,64,65,66,67,68,69,70,71,72,74,75,76,77,78,79,80,81,82,83,84,85,86,87,88,89,90,92,93,94,95,96,97,98,100,101,102,103,104,105,106,107,108,109,110,111,112,113,114,115,116,117,118,119,120,121,122,123,124,125,126,127,128,129,130,131,132,133,134,135,136,137,138,139,140,141,142,143,144,145,146,147,148,149,150,151,152,153,154,155,225,226,227,228,229,230,231,232,233,234,281,282,283,285,286,288,289,290,291,293,295,296,297,298,299,300,301,302,303,304,305,306,307,308,309,310,311,312,313,314,315,316,317,318,319,320,321,322,323,324,325,326,327,328,329,330,331,332,333,334,335,336,337,338,339,340"
10ae8bdd823a935b4f107134b62bbc8a,357707 76 358380 94 359060 100 359742 102 360423 104 361105 105 361786 107 362466 109 363146 112 363828 113 364510 114 365190 116 365867 122 366548 124 367230 125 367911 127 368593 127 369274 129 369955 131 370636 133 371317 135 371999 136 372681 137 373363 138 374045 139 374726 141 375406 144 376087 146 376769 147 377451 148 378133 149 378814 151 379495 153 380177 154 380859 155 381541 156 382221 159 382900 163 383582 164 384235 16 384261 168 384918 194 385600 195 386283 195 386966 195 387649 195 388332 195 389015 196 389698 196 390381 196 391064 196 391747 196 392430 196 393113 196 393796 196 394479 196 395162 196 395845 196 396528 196 397211 196 397894 196 398577 196 399260 197 399943 197 400626 197 401309 197 401992 197 402675 197 403358 197 404041 197 404724 197 405407 196 406090 196 406773 196 407456 197 408139 197 408822 16 408840 179 409505 15 409525 177 410188 14 410209 176 410871 14 410892 176 411554 14 411574 177 412237 15 412256 178 412920 16 412938 179 413603 197 414286 196 414969 197 415652 15 415670 179 416335 14 416354 178 417019 12 417038 177 417702 11 417722 176 418385 10 418405 176 419068 10 419089 175 419751 10 419771 176 420434 10 420452 178 421117 10 421135 178 421800 10 421818 178 422483 11 422500 179 423166 11 423182 180 423849 10 423865 180 424532 9 424549 179 425215 8 425232 179 425915 179 426598 180 427281 180 427964 179 428647 179 429330 179 430013 179 430696 179 431379 179 432062 179 432746 178 433429 178 434112 178 434795 179 435479 178 436163 177 436846 177 437529 177 438212 177 438896 176 439579 176 440263 175 440947 175 441631 175 442314 176 442998 176 443681 176 444365 176 445049 174 445733 173 446417 172 447101 171 447786 169 448470 168 449154 167 449839 165 450523 164 451210 160 451897 156 452582 153 453266 151 453952 147 454639 142 455325 139 456010 136 456694 135 457379 133 458063 132 458748 130 459436 125 460121 123 460805 121 461490 119 462174 118 462860 115 463546 112 464232 109 464916 108 465601 106 466286 104 466972 101 467656 100 468343 96 469029 93 469714 91 470399 89 471085 86 471772 82 472457 80 473141 79 473826 77 474511 74 475197 68 475905 37,8,"1,5,6,14,18,25,31,34,36,37,38,39,40,41,42,43,44,45,46,47,48,49,50,51,52,53,54,55,56,57,58,59,60,61,62,63,64,65,66,67,68,69,70,71,72,74,75,76,77,78,79,82,84,88,90,94,95,96,97,98,100,101,102,103,104,105,106,107,108,109,110,111,112,113,114,115,116,117,118,119,120,121,122,123,124,125,126,127,128,129,130,131,132,133,134,135,136,137,138,139,140,141,142,143,144,145,148,149,150,151,152,153,154,155,226,227,228,229,230,231,234,281,282,283,285,286,288,290,292,293,295,296,297,298,299,300,301,302,303,304,305,306,307,308,309,310,311,312,313,314,315,316,317,318,319,321,322,323,324,325,326,327,328,329,330,331,332,333,334,335,336,337,338,339,340"
10ae8bdd823a935b4f107134b62bbc8a,453779 11 454459 16 455140 19 455820 23 456502 24 457184 25 457865 27 458547 29 459227 32 459909 33 460592 34 461275 35 461957 37 462640 37 463322 39 464005 40 464688 41 465371 41 466054 42 466737 42 467420 43 468103 43 468786 43 469469 43 470152 43 470835 30 470866 13 471518 30 471549 13 472201 29 472232 13 472884 29 472914 15 473567 46 474250 46 474933 47 475616 48 476299 49 476982 50 477665 52 478348 53 479031 54 479714 57 480397 58 481080 59 481763 59 482446 60 483129 60 483813 60 484496 60 485179 60 485862 61 486546 61 487229 61 487913 61 488597 60 489281 59 489965 59 490649 58 491332 59 492016 59 492700 58 493384 58 494067 58 494752 57 495436 57 496120 57 496804 57 497488 57 498173 56 498858 54 499542 54 500228 51 500911 52 501595 52 502278 53 502962 53 503646 53 504330 53 505013 53 505696 53 506379 53 507063 53 507747 52 508430 52 509113 52 509797 52 510480 52 511164 51 511847 51 512530 51 513213 51 513896 50 514580 49 515263 48 515947 47 516630 46 517314 44 517997 43 518680 42 519363 41 520046 39 520729 38 521413 35 522097 32 522781 30 523465 28 524148 26 524833 19 525517 16 526201 13,31,"25,53,156,157,158,159,160,171,204,205,206,207,208,209,210,211,212,213,214,215,216"
4258a57f9ae2b08fe1783858ff936596,483285 15 484070 16 484852 25 485636 30 486418 37 487202 38 487983 45 488762 52 489493 9 489517 82 490278 10 490301 83 491016 153 491755 199 492538 201 493322 202 494107 202 494892 203 495677 203 496462 203 497246 204 498031 204 498816 204 499601 204 500386 204 501171 204 501956 204 502741 204 503527 204 504312 205 505097 205 505883 204 506669 203 507460 197 508257 12 508270 172 509061 167 509847 166 510633 165 511431 152 512220 148 513008 145 513794 144 514582 140 515369 136 516156 132 516942 130 517728 126 518514 121 519300 115 520086 113 520872 102 521658 89 522444 82 523230 80 524019 69 524810 52,31,"25,156,157,158,159,160,204,205,206,207,208,209,210,211,212,213,214,215,216,288"
4258a57f9ae2b08fe1783858ff936596,623609 58 624377 85 625162 91 625947 97 626732 98 627516 110 628301 116 629086 123 629871 124 630656 131 631441 136 632226 139 633011 140 633796 144 634581 149 635367 151 636152 152 636940 153 637727 155 638513 157 639302 158 640088 158 640876 161 641664 161 642452 163 643238 162 644026 163 644814 165 645603 166 646389 166 647176 170 647965 171 648753 173 649539 173 650329 172 651118 170 651907 168 652692 169 653485 163 654272 161 655064 154 655851 152 656637 151 657427 146 658216 142 659004 138 659790 137 660579 133 661367 129 662156 125 662942 123 663730 119 664519 115 665307 112 666092 112 666881 107 667668 106 668454 105 669243 102 670029 102 670819 98 671609 93 672401 86 673187 85 673979 78 674776 67 675566 61 676352 60 677143 54 677933 48 678726 36 679512 34 680302 26,31,"156,157,158,159,160,171,204,205,206,207,208,209,210,211,212,213,214,215,216"
4258a57f9ae2b08fe1783858ff936596,442655 1 443435 12 444219 14 445003 16 445787 18 446572 20 447356 22 448139 24 448923 25 449707 26 450491 27 451211 13 451275 28 451994 20 452058 30 452779 23 452842 31 453563 30 453626 32 454347 32 454410 34 455131 39 455191 38 455916 42 455972 42 456700 100 457485 101 458270 102 459055 104 459840 105 460624 107 461408 109 462193 109 462978 108 463763 108 464548 108 465333 108 466118 108 466904 107 467690 106 468475 106 469260 106 470044 107 470828 108 471613 108 472398 108 473183 108 473968 108 474753 108 475538 108 476323 108 477108 108 477893 108 478678 108 479464 107 480250 106 481035 106 481820 107 482606 106 483391 107 484176 107 484961 107 485746 108 486530 110 487315 110 488100 110 488885 110 489670 109 490454 109 491238 110 492023 110 492808 109 493593 108 494378 108 495163 108 495948 106 496734 105 497520 104 498305 104 499090 104 499875 103 500661 102 501447 101 502232 58 502301 32 503018 48 503090 28 503804 46 503876 27 504589 44 504662 25 505374 39 505449 21 506159 36 506237 17 506944 36 507023 16 507730 32 507810 13 508515 27 508600 1 509301 25 510087 23 510873 21 511659 18 512445 15,23,
5cb4fc686e125e6523c21bce83d64a9b,205407 25 206426 33 207449 35 208470 40 209491 45 210512 49 211533 54 212552 60 213571 66 214588 73 215611 75 216631 80 217652 83 218673 87 219696 88 220718 90 221739 93 222760 95 223783 96 224800 103 225815 112 226833 118 227854 121 228875 123 229897 125 230919 127 231942 127 232964 129 233985 131 235006 133 236023 140 237034 151 238054 154 239076 155 240099 155 241122 155 242144 157 243167 158 244189 161 245211 163 246228 171 247244 179 248264 184 249287 185 250307 190 251329 193 252350 197 253373 198 254395 200 255416 203 256437 206 257460 207 258478 213 259498 217 260518 221 261540 223 262562 225 263585 226 264608 227 265631 229 266653 232 267675 235 268698 236 269720 238 270741 242 271764 243 272628 19 272787 245 273651 21 273811 245 274673 25 274832 248 275696 28 275855 249 276719 31 276878 250 277742 34 277900 252 278766 37 278922 254 279789 43 279944 256 280812 49 280966 259 281836 55 281988 261 282859 57 283011 262 283882 91 284033 264 284905 97 285056 265 285929 102 286076 269 286952 107 287099 270 287976 109 288121 272 289000 114 289143 274 290024 117 290164 277 291048 118 291187 278 292072 417 293096 417 294120 417 295144 417 296168 417 297191 419 298216 418 299241 417 300266 416 301291 415 302316 414 303341 413 304365 413 305390 412 306415 411 307440 410 308465 409 309490 408 310515 407 311541 405 312567 403 313594 400 314620 398 315645 397 316670 396 317696 394 318721 393 319746 392 320773 389 321798 388 322824 386 323849 385 324874 384 325900 382 326925 381 327950 380 328975 379 330000 378 331025 377 332050 376 333075 375 334100 374 335125 373 336150 372 337176 370 338201 369 339225 369 340250 368 341275 367 342299 367 343323 367 344347 367 345371 367 346397 365 347421 365 348445 365 349469 365 350493 365 351517 365 352541 365 353565 365 354589 365 355612 366 356635 367 357658 368 358681 369 359704 370 360727 371 361750 372 362773 373 363795 375 364817 377 365841 377 366864 378 367887 379 368910 380 369931 383 370954 384 371977 385 372999 387 374021 389 375044 390 376067 391 377090 392 378113 393 379135 395 380158 396 381180 398 382202 400 383225 401 384247 403 385267 407 386289 409 387311 411 388334 412 389357 413 390380 414 391403 415 392426 416 393449 417 394472 418 395494 420 396518 420 397541 421 398565 421 399588 422 400612 422 401636 422 402660 422 403684 422 404708 422 405732 422 406756 422 407780 422 408804 422 409828 422 410852 422 411876 422 412901 421 413925 35 413985 361 414949 29 415019 47 415086 4 415105 265 415974 25 416078 5 416134 260 416998 24 417103 3 417159 259 418022 22 418187 255 419048 18 419215 251 420075 14 420241 249 421102 10 421267 247 422130 4 422292 246 423318 244 424344 242 425372 238 426397 237 427426 232 428456 226 429485 221 430511 219 431537 217 432563 215 433588 214 434613 213 435639 211 436665 209 437693 205 438723 199 439751 195 440779 191 441805 189 442830 188 443856 186 444881 185 445906 184 446932 182 447958 180 448985 177 450013 173 451038 172 452065 169 453090 168 454116 166 455141 165 456166 164 457192 162 458218 160 459243 159 460273 153 461302 148 462331 143 463357 141 464383 139 465408 137 466433 136 467458 135 468483 134 469509 132 470535 129 471563 125 472590 122 473617 118 474644 115 475670 112 476695 110 477719 110 478744 109 479771 106 480797 105 481822 104 482848 102 483873 101 484898 100 485923 99 486949 97 487974 96 488999 95 490025 93 491050 91 492076 88 493101 86 494126 85 495151 82 496176 80 497201 78 498226 76 499252 74 500276 73 501301 71 502326 69 503352 66 504380 62 505406 59 506432 56 507458 53 508484 49 509511 45 510535 44 511562 38 512588 29 513615 18 514642 8,10,"0,1,3,4,5,6,7,8,9,10,11,12,13,14,15,16,17,18,19,20,21,22,23,24,25,27,28,29,30,31,32,34,35,39,41,42,43,44,46,48,49,51,52,54,55,56,58,59,60,61,62,63,64,65,66,67,68,69,70,71,72,74,75,76,77,78,79,80,81,82,83,84,85,86,87,88,89,90,92,93,94,95,96,97,98,100,101,102,103,104,105,106,107,108,109,110,111,112,113,114,115,116,117,118,119,120,121,122,123,124,125,126,127,128,129,130,131,132,133,135,136,137,138,139,140,141,142,144,145,146,147,148,149,150,151,152,153,154,155,178,225,226,227,228,229,231,232,233,234,281,282,283,285,286,288,289,290,291,292,293,295,296,299,300,301,302,303,304,305,306,307,308,309,310,311,312,313,314,315,316,317,318,319,320,321,322,323,324,325,326,327,328,329,330,331,332,333,334,335,336,337,338,339,340"
5cb4fc686e125e6523c21bce83d64a9b,289002 4 290025 8 291049 9 292073 10 293097 12 294121 12 295146 12 296173 9 297198 9 298223 9 299248 9 300272 10 301297 11 302322 11 303346 12 304372 12 305398 11 306423 11 307448 11 308472 12 309497 12 310524 11 311550 10 312574 11 313599 11 314625 11 315651 10 316676 10 317700 11 318725 11 319751 11 320776 11 321801 11 322826 11 323852 10 324877 10 325902 10 326927 10 327952 10 328978 9 330003 9 331028 10 332054 8 333079 7 334105 7 335130 7 336156 5 337181 5 338207 4 339232 4 340257 4 341282 3 352555 2 353579 2 354603 3 355626 4 356649 6 357673 6 358696 6 359721 4 367899 6 368924 3 370968 1 371986 8 373009 8 374033 6 375057 5 376079 6 377099 9 378122 9 379145 7 380166 9 381187 11 382210 10 383233 10 384257 7 385279 7 386302 7 390388 6 391412 5 392437 3 395502 3 399590 5 400614 5,33,"7,8,9,10,11,13,146,161,165,167,168,169,171,172,173,174,176,177,178,179,180,181,182,183,184,185,186,187,188,189,190,191,192,193,194,195,196,197,198,199,200,201,202,203,329"
5cb4fc686e125e6523c21bce83d64a9b,194263 25 195278 38 196298 45 197320 50 198343 51 199363 59 200384 65 201402 74 202418 87 203431 100 204446 111 205460 122 206475 133 207498 135 208513 145 209536 147 210561 146 211587 145 212612 144 213570 1 213637 143 214586 2 214661 144 215609 2 215686 143 216624 7 216711 142 217640 12 217735 142 218659 14 218760 142 219679 17 219784 142 220700 18 220808 142 221722 17 221832 143 222743 17 222855 144 223766 17 223879 145 224786 14 224903 146 225806 9 225927 146 226825 8 226951 147 227845 9 227975 148 228866 9 228998 150 229888 9 230022 151 230908 11 231046 152 231931 11 232069 154 232953 11 233093 155 233975 10 234116 157 234996 10 235139 159 236018 5 236163 160 237185 163 238208 166 239231 169 240096 3 240254 173 241119 3 241277 175 242139 5 242301 180 243158 9 243325 188 243572 3 244179 10 244350 199 244582 25 245201 10 245374 219 245596 41 246222 6 246399 266 247423 270 248448 271 249472 271 250497 274 251522 274 252547 274 253571 275 254595 276 255619 277 256643 278 257667 279 258691 279 259715 280 260739 281 261763 281 262787 281 263811 281 264835 281 265860 281 266652 1 266885 280 267673 2 267910 279 268693 5 268934 280 269715 5 269958 280 270738 3 270983 279 271760 4 272007 279 272783 4 273032 278 273806 5 274056 278 274829 3 275080 278 275851 4 276104 278 276874 4 277128 278 277896 4 278152 279 278916 6 279176 279 279937 7 280200 279 280959 7 281225 278 281980 8 282249 278 283003 8 283273 278 284025 8 284297 278 285046 10 285321 278 286068 8 286345 278 287090 9 287369 278 288111 10 288393 278 289131 12 289417 278 290153 11 290441 278 291177 10 291465 278 292489 278 293513 278 294537 278 295561 278 296585 278 297610 277 298634 277 299658 277 300682 277 301706 277 302730 277 303754 277 304778 277 305802 277 306826 277 307850 277 308874 277 309898 277 310922 277 311946 277 312970 277 313994 277 315018 277 316042 277 317066 277 317695 1 318090 277 318719 2 319114 277 319743 3 320138 277 320767 6 321162 277 321793 5 322186 277 322818 6 323210 277 323843 6 324234 277 324868 6 325258 277 325893 7 326282 277 326918 7 327306 277 327942 8 328330 277 328967 8 329354 277 329992 8 330378 277 331016 9 331402 277 332041 9 332426 277 333065 10 333450 277 334089 11 334474 277 335113 12 335498 277 336137 13 336522 277 337161 15 337546 277 338185 16 338570 277 339209 16 339594 277 340233 17 340618 277 341257 18 341642 277 342281 18 342666 277 343305 18 343690 277 344329 18 344714 277 345353 18 345738 277 346377 20 346762 277 347401 20 347786 277 348425 20 348810 277 349449 20 349834 277 350473 20 350858 277 351497 20 351882 277 352521 20 352906 277 353545 20 353930 277 354569 20 354954 277 355592 20 355978 277 356616 19 357002 277 357640 18 358026 277 358664 17 359050 277 359688 16 360074 277 360712 15 361098 277 361735 15 362122 277 362759 14 363146 277 363783 12 364170 277 364806 11 365194 277 365830 11 366218 277 366853 11 367242 277 367877 10 368266 277 368901 9 369290 277 369924 7 370314 277 370948 6 371338 277 371972 5 372362 277 372996 3 373386 277 374020 1 374410 277 375434 277 376458 277 377482 277 378506 277 379530 277 380554 277 381578 277 382602 277 383626 277 384650 277 385674 277 386698 277 387722 277 388746 277 389770 277 390794 277 391818 277 392842 277 393866 277 394890 277 395914 277 396938 277 397962 277 398986 277 400010 277 401034 277 402058 277 403082 277 404106 277 405130 277 406154 277 407178 277 408202 277 409226 277 410250 277 411274 277 412298 277 413322 277 413963 22 414346 277 414990 29 415066 20 415090 15 415370 277 416016 62 416083 51 416394 277 417041 62 417106 53 417418 277 418068 119 418442 277 419095 120 419466 277 420125 116 420490 277 421158 27 421203 64 421514 277 422239 53 422538 277 423280 38 423562 277 424325 19 424586 277 425359 13 425610 277 426384 13 426634 277 427418 8 427658 277 428450 6 428682 277 429478 7 429706 277 430506 5 430730 277 431532 5 431754 277 432558 5 432778 277 433585 3 433802 277 434610 3 434826 277 435636 3 435850 277 436874 277 437898 277 438722 1 438922 277 439749 2 439946 277 440775 4 440970 277 441802 3 441994 277 442827 3 443018 277 443853 3 444042 277 444878 3 445066 277 445905 1 446090 277 446931 1 447114 277 448138 277 449162 277 450012 1 450186 277 451036 2 451210 277 452064 1 452234 277 453258 277 454115 1 454282 277 455306 277 456330 277 457354 277 458217 1 458378 277 459242 1 459402 277 460268 5 460426 277 461294 8 461450 277 462322 9 462474 277 463349 8 463498 277 464376 7 464522 277 465403 5 465545 278 466429 4 466569 278 467454 4 467593 278 468479 4 468617 278 469504 5 469641 278 470529 6 470664 279 471554 9 471688 279 472580 10 472712 279 473605 12 473735 280 474631 13 474759 280 475657 13 475782 281 476682 13 476805 282 477708 11 477829 282 478735 9 478853 282 479763 8 479877 282 480789 8 480902 281 481815 7 481926 281 482840 8 482950 281 483865 8 483974 281 484890 8 484998 281 485916 7 486022 281 486941 8 487046 281 487967 7 488070 281 488993 6 489094 281 490018 7 490118 281 491046 4 491141 282 492072 4 492164 116 492302 145 493097 4 493187 116 493327 144 494124 2 494211 81 494356 139 495150 1 495233 55 495386 132 496256 48 496414 128 497279 42 497444 122 498302 36 498475 115 499326 28 499507 107 500349 15 500541 97 501372 1 501573 89 502395 1 502597 89 503628 81 504658 75 505686 71 506713 68 507741 64 508768 60 509796 55 510821 53 511849 48 512877 43 513907 35 514940 25 515982 5,10,"0,1,3,4,5,6,7,8,9,11,12,14,15,16,17,18,19,20,21,22,23,24,25,26,27,28,29,30,31,32,33,34,35,39,41,42,43,44,46,48,49,51,52,54,55,58,59,60,61,62,63,64,65,66,67,68,69,70,72,74,75,77,78,79,80,81,82,83,84,85,86,87,88,89,90,91,92,93,94,95,96,97,98,100,101,102,103,104,105,106,107,108,109,110,111,112,113,114,115,116,117,118,119,120,121,122,123,124,125,126,127,128,129,130,131,132,133,134,135,136,137,138,139,140,141,142,143,144,145,146,147,148,149,150,151,152,153,154,155,225,226,227,228,229,231,232,233,234,281,282,283,285,286,288,289,290,291,293,295,296,298,299,300,301,302,303,304,305,306,307,308,309,310,311,312,313,314,315,316,317,318,319,320,321,322,323,324,325,326,327,328,329,330,331,332,333,334,335,336,337,338,339,340"
52a7403c2b823d1601ebbc182616f8c2,231261 10 232283 15 233304 21 234326 24 235349 26 236372 29 237394 34 238415 43 239437 53 240460 57 241483 61 242505 65 243529 66 244552 70 245576 71 246601 71 247625 74 248652 72 249678 71 250704 70 251729 70 252754 69 253779 68 254803 70 255828 69 256852 71 257876 72 258900 73 259923 74 260947 74 261971 74 262995 75 264019 75 265043 76 266066 78 267090 78 268114 79 269138 79 270162 80 271186 81 272210 81 273234 82 274258 83 275282 83 276306 83 277330 83 278354 84 279378 85 280402 85 281427 84 282451 85 283475 85 284499 85 285524 84 286548 84 287573 83 288600 80 289627 77 290653 75 291686 14 291702 50 292738 38 293765 35 294789 35 295819 29 296844 5 296852 19 297879 16 298911 8 299940 1,23,217
52a7403c2b823d1601ebbc182616f8c2,296849 3 297870 9 298891 20 299913 27 300935 31 301959 31 302982 32 304002 37 305023 40 306046 41 307069 42 308092 43 309115 44 310139 44 311162 45 312186 45 313209 46 314232 47 315256 47 316279 48 317303 48 318327 48 319351 48 320375 48 321398 49 322422 49 323446 50 324470 50 325494 50 326517 51 327541 51 328565 52 329589 52 330613 52 331637 52 332661 5 332685 28 333685 1 333719 8 333730 7 334709 1 334743 3 334756 6 335767 2 335780 7 336792 1 336803 8 337826 9 338841 4 338849 11 339864 6 339872 12 340889 19 341921 11 342945 11 343969 12 344993 12 346017 12 347041 12 348066 3 348070 7 349094 7 350118 7 351143 6 352167 6 353191 6 354215 6 355239 6 356263 6 357287 6 358311 6 359335 6 360359 6 361383 6 362407 6 363431 6 364429 1 364455 6 365479 6 366503 6 367503 1 367527 6 368551 6 369575 6 370599 6 371623 6 372647 6 373651 1 373671 6 374695 6 375719 6 376743 6 377767 6 378791 6 379815 6 380839 6 381863 6 382887 6 383911 6 384935 6 385959 6 386983 5 388007 5 389031 5 390055 5 391079 5 392103 5 393127 4 394150 4 395174 1,23,217
52a7403c2b823d1601ebbc182616f8c2,423742 11 423757 6 423768 3 424765 65 425788 75 426812 76 427836 77 428861 77 429886 77 430911 76 431938 73 432964 72 433990 70 435017 67 436043 65 437068 64 438093 63 439118 62 440144 60 441169 59 442193 59 443218 58 444242 58 445266 58 446290 58 447314 58 448338 58 449362 58 450386 58 451410 58 452434 58 453458 58 454482 59 455506 59 456530 59 457554 58 458578 59 459602 59 460627 58 461651 13 461666 43 462675 12 462690 43 463699 12 463714 43 464723 12 464738 43 465731 1 465747 12 465761 44 466755 6 466772 4 466779 4 466785 44 467778 9 467797 2 467804 49 468803 9 468822 1 468829 48 469829 9 469855 47 470855 8 470867 1 470879 47 471880 13 471903 47 472906 16 472927 47 473931 16 473951 47 474955 67 475980 67 477006 65 478033 62 479058 61 480085 59 481110 58 482135 57 483160 56 484187 53 485214 52 486239 51 487269 45 488297 41 489322 39 490347 37 491376 32 492404 28 493429 27 494454 26 495479 25 496504 24 497529 23 498554 22 499579 21 500604 20 501630 18 502656 16 503683 13 504709 11 505736 8 506763 4 507788 2,23,
52a7403c2b823d1601ebbc182616f8c2,332666 19 333686 33 333727 3 334710 33 334746 10 335733 34 335769 11 336757 35 336793 10 337781 45 338805 36 338845 4 339829 35 339870 2 340853 36 341877 44 342901 44 343925 44 344949 44 345973 44 346998 43 348022 44 348069 1 349048 46 350072 46 351097 46 352122 45 353147 44 354172 43 355198 41 356225 38 357253 34 358279 32 359305 30 360330 29 361355 28 362380 27 363405 26 364430 25 365454 25 366479 24 367504 23 368528 23 369552 23 370577 22 371602 21 372627 20 373652 19 374676 19 375700 19 376725 18 377749 18 378774 17 379798 17 380822 17 381846 17 382870 17 383894 17 384918 17 385942 17 386966 17 387989 18 389013 18 390037 18 391060 19 392085 18 393110 17 394136 14 395162 12,23,
52a7403c2b823d1601ebbc182616f8c2,317638 9 318662 14 319686 15 320711 16 321739 15 322766 15 323793 14 324819 14 325844 15 326872 13 327897 13 328921 14 329948 11 330973 12 331998 12 333024 11 334048 12 335074 11 336099 12 337124 12 338149 12 339173 12 340198 12 341223 13 342248 13 343273 13 344298 12 345323 11 346348 11 347373 12 348398 11 349423 11 350447 11 351472 10 352497 10 353521 11 354545 11 355570 10 356594 10 357619 9 358644 9 359668 10 360692 9 361716 9 362740 10 363765 10 364790 9 365814 9 366838 7 367862 7 368886 8 369910 8 370934 8 371958 7 372982 6 374006 6 375030 6 376053 7 377076 8 378099 8 379122 9 380146 9 381169 9 382192 10 383215 9 384238 9 385261 9 386278 10 386289 4 387302 10 387313 3 388326 10 388337 2 389350 10 390377 2,33,"2,13,161,162,163,164,165,166,167,168,169,170,171,172,173,174,176,179,180,181,182,183,184,185,186,187,188,189,190,191,192,193,194,195,196,197,198,199,201,203"
52a7403c2b823d1601ebbc182616f8c2,232949 19 233972 52 234995 54 236018 76 237042 79 237157 12 238065 81 238181 11 239089 79 240113 76 241137 75 242161 60 243185 59 244209 57 245233 56 246257 55 247281 55 248305 55 249329 56 250353 56 251377 56 252401 56 253425 57 253749 18 254449 57 254769 24 255473 57 255788 31 256497 55 256810 33 257521 54 257831 37 258546 51 258851 41 259570 50 259871 45 260595 48 260894 46 261619 47 261905 60 262643 28 262680 9 262925 64 263668 24 263708 5 263947 66 264692 23 264733 3 264969 68 265716 23 265757 3 265992 69 266740 24 266781 4 267014 71 267764 24 267804 5 268033 76 268788 24 268828 5 269057 76 269812 24 269852 5 270067 90 270836 24 270875 6 271083 98 271859 25 271899 6 272102 103 272883 25 272923 6 273123 106 273908 23 274145 107 274932 22 275167 109 275958 19 276188 111 276983 17 277211 111 278010 14 278232 114 279035 12 279251 119 280062 8 280273 120 281088 6 281295 122 282113 3 282318 122 283136 4 283340 124 284159 6 284362 126 285182 8 285384 129 286205 9 286407 130 287228 10 287427 134 288251 12 288449 136 289274 13 289472 137 290296 15 290494 139 291321 14 291517 140 292346 13 292539 142 293371 11 293560 144 294396 10 294583 145 295421 9 295605 146 296446 7 296625 148 297471 5 297647 145 298496 4 298669 140 299521 3 299691 140 299874 4 300544 4 300714 141 300871 1 300896 9 301567 6 301737 143 301885 16 301915 17 302590 8 302760 145 302908 18 302938 18 303612 10 303783 173 303958 26 304635 12 304806 205 305657 14 305829 206 306679 16 306852 208 307702 18 307875 210 308725 19 308898 211 309748 20 309921 213 310772 20 310943 215 311796 20 311966 216 312820 20 312986 220 313844 20 314007 223 314868 19 315029 226 315894 17 316052 227 316918 17 317074 229 317941 18 318097 230 318964 19 319121 230 319988 20 320144 231 321012 20 321167 232 322036 20 322191 232 323059 21 323214 233 324083 21 324237 234 325107 21 325261 234 326131 22 326285 234 327155 22 327307 236 328179 22 328330 237 329203 22 329353 238 330227 23 330375 240 331251 23 331398 241 332275 23 332420 243 333300 23 333441 246 334324 23 334459 252 335348 23 335482 253 336373 21 336506 253 337398 19 337531 252 338423 17 338557 249 339450 11 339582 248 340480 4 340607 247 341632 245 342657 244 343682 242 344703 244 345726 244 346744 246 347764 236 348773 231 349795 224 350818 218 351841 214 352864 210 353887 210 354911 206 355935 201 356959 195 357983 189 359007 184 360031 120 360159 50 361055 117 361194 34 362079 116 362219 32 363103 113 363248 21 364127 109 365151 105 366175 102 367199 97 368223 94 369247 91 370271 87 371295 87 372319 84 373343 81 374366 78 375390 72 376413 69 377437 64 378460 62 379484 61 380508 57 381532 53 382556 50 383580 47 384604 43 385629 40 386653 38 387677 37 388701 35 389725 33 390749 30 391773 26 392796 25 393820 22 394844 19 395867 16 396890 16 397912 15 420348 9 421365 21 422388 22 422430 2 423412 27 423448 9 423525 4 423552 3 424435 47 424547 11 424571 9 425460 28 425495 10 425569 36 426484 26 426527 1 426591 39 427508 23 427613 41 428532 20 428635 44 429556 18 429657 46 430580 17 430680 48 431604 13 431702 50 432628 7 432724 52 433653 3 433747 53 434771 51 435706 13 435795 49 436730 16 436819 47 437007 5 437754 20 437834 53 438028 17 438778 21 438857 53 439051 19 439802 24 439879 13 439897 35 440072 24 440826 27 440902 14 440922 31 441093 28 441850 29 441925 15 441946 30 442116 31 442875 28 442948 17 442970 29 443140 37 443902 27 443972 50 444165 39 444928 40 444994 51 445191 38 445954 7 445972 24 446002 66 446215 39 446997 24 447023 66 447239 40 448021 91 448263 41 449045 88 449288 41 450070 51 450123 27 450312 42 451095 49 451148 23 451336 42 452121 18 452144 21 452178 11 452360 42 453148 11 453171 15 453384 41 454199 8 454408 41 455432 41 456456 40 457480 40 458504 40 459528 38 460553 34 461579 29 462606 20,6,"25,34,36,37,38,39,40,41,42,43,44,45,46,47,48,49,50,51,52,53,54,55,56,57,58,59,60,61,62,64,65,66,67,68,69,70,71,72,74,75,76,77,78,79,81,84,86,93,94,98,100,105,108,109,112,114,115,117,118,119,120,121,122,123,124,125,126,127,128,129,130,131,132,133,134,135,136,137,138,140,141,142,143,149,150,151,152,153,154,155,226,227,228,229,230,231,233,234,281,282,283,285,288,289,290,293,295,297,298,299,300,303,304,306,307,309,316,317,318,321,326,327,330,331,332,333,334,337,339,340"
52a7403c2b823d1601ebbc182616f8c2,202071 37 203086 69 204104 80 205124 89 206145 96 207166 106 208184 114 209207 116 210225 123 211242 131 212260 138 213281 142 214303 145 215325 147 216344 152 217367 153 218385 159 219403 165 220421 171 221433 183 222455 186 223478 187 224501 188 225524 189 226546 191 227568 193 228587 198 229606 203 230626 207 231648 210 232671 211 233694 212 234717 212 235740 213 236763 213 237786 214 238809 214 239832 215 240855 215 241878 216 242902 215 243925 216 244949 216 245973 216 246997 215 248020 216 249043 216 250067 216 251090 216 252114 215 253137 204 253343 9 254161 204 255184 204 256207 205 257229 206 258252 207 259275 207 260298 207 261321 208 262345 207 263368 208 264392 208 265416 208 266440 208 267464 208 268488 208 269511 209 270535 209 271559 209 272582 211 273605 212 274628 214 275651 216 276674 217 277697 219 278720 221 279744 222 280767 224 281791 224 282815 224 283839 224 284863 224 285887 224 286911 224 287936 223 288960 223 289984 223 291007 224 292031 225 293055 225 294079 225 295103 226 296127 226 297151 226 298175 228 299199 228 300223 228 301247 229 302272 229 303296 229 304320 230 305344 231 306368 232 307392 233 308416 78 308524 126 309441 68 309557 118 310465 67 310586 113 311490 65 311611 113 312515 64 312647 102 313541 61 313678 96 314567 58 314719 80 315592 56 315748 9 315763 61 316617 54 316774 2 316790 59 317642 53 317815 59 318667 34 318705 13 318840 59 319692 32 319729 12 319864 60 320718 29 320756 8 320888 61 321751 18 321782 5 321912 62 322782 8 322808 2 322937 61 323962 61 324986 61 326011 61 327037 59 328061 60 329085 60 330109 60 331132 61 332155 62 333179 63 334202 9 334217 49 335226 8 335242 48 336250 7 336267 48 337274 6 337292 48 338297 8 338316 48 339320 10 339340 48 340344 10 340363 50 341368 11 341387 50 342392 11 342410 51 343416 12 343434 51 344439 14 344457 52 345463 14 345480 54 346486 72 347510 72 348535 15 348552 54 349559 13 349577 52 350584 11 350602 51 351608 10 351626 51 352633 9 352651 49 353658 7 353676 48 354682 6 354701 47 355706 5 355726 45 356731 3 356751 43 357755 3 357775 43 358780 1 358799 43 359823 43 360847 42 361871 42 362895 42 363919 41 364943 41 365967 41 366990 42 367989 10 368014 42 369009 16 369037 43 370031 19 370061 43 371054 21 371085 42 372070 30 372108 43 373086 39 373131 44 374106 44 374155 44 375126 48 375178 45 376149 50 376202 45 377172 51 377225 45 378195 52 378248 46 379218 53 379272 45 380241 54 380296 44 381264 55 381320 44 382287 56 382344 44 383310 57 383368 41 384331 102 385339 117 386296 5 386313 10 386360 120 387319 7 387336 12 387383 121 388340 16 388357 18 388385 12 388403 124 389346 6 389361 190 390365 209 391384 214 392406 216 393429 216 394452 217 395475 218 396499 218 397523 218 398547 218 399571 218 400595 218 401619 218 402643 218 403667 218 404692 217 405717 216 406741 217 407765 217 408789 217 409814 155 409972 59 410838 152 410998 57 411862 151 412023 57 412886 151 413048 56 413911 149 414074 54 414935 148 415099 53 415960 144 416136 41 416986 129 417125 2 417162 39 418011 127 418188 37 419036 124 419213 37 420061 122 420239 35 421086 120 421264 34 422110 119 422289 34 423135 117 423315 33 424160 115 424340 34 425186 112 425365 34 426213 97 426391 34 427238 95 427415 36 428263 93 428440 38 429288 91 429465 38 430312 91 430490 37 431337 90 431515 39 432362 88 432539 41 433387 85 433564 41 434412 82 434589 40 435439 77 435614 40 436468 60 436639 40 437499 51 437664 41 438524 49 438689 41 439553 42 439714 41 440582 35 440739 41 441610 15 441628 10 441764 41 442638 4 442790 40 443815 41 444841 40 445867 41 446892 45 447917 45 448943 47 449968 50 450993 54 452021 49 453049 43 454078 37 455106 30 456131 29 457158 10 457182 1,4,"0,1,2,3,4,5,6,7,8,9,10,11,12,14,15,16,17,18,19,20,21,22,23,24,25,26,27,28,29,30,31,32,33,34,35,58,79,80,81,82,83,84,85,86,87,88,89,90,91,92,93,94,96,98,100,101,102,103,104,105,106,109,110,111,112,113,114,115,116,117,127,129,130,133,135,136,137,138,140,141,142,144,145,146,147,148,149,150,151,153,165,169,171,173,174,175,176,177,178,225,226,227,228,229,231,232,233,234,281,282,283,285,286,288,289,290,291,293,295,296,299,301,302,303,305,306,307,308,310,311,312,313,314,315,316,317,318,319,320,321,322,323,324,325,326,327,328,329,330,331,332,333,334,335,337,338,339,340"
52a7403c2b823d1601ebbc182616f8c2,297217 3 298191 18 298238 12 299210 26 299261 26 300234 30 300282 32 301258 31 301302 41 302281 33 302325 43 303303 36 303347 51 304324 40 304371 53 305348 41 305394 58 306372 120 307396 139 308420 148 309444 155 310467 167 311490 169 312514 180 313538 187 314562 192 315586 195 316613 203 317639 209 318664 215 319689 215 320713 220 321740 223 322766 225 323793 225 324821 224 325848 223 326875 221 327900 221 328925 220 329950 219 330976 217 332001 216 333026 216 334051 215 335076 214 336101 213 337126 212 338151 211 339177 209 340202 208 341226 208 342251 207 343275 207 344300 206 345325 205 346350 204 347374 204 348399 203 349425 201 350449 201 351474 200 352498 200 353523 199 354547 199 355571 199 356595 199 357619 199 358644 198 359668 198 360692 198 361716 198 362740 198 363764 198 364788 198 365812 198 366836 198 367860 198 368884 198 369909 197 370934 196 371958 196 372982 196 374006 196 375030 196 376054 196 377078 196 378102 196 379126 195 380151 194 381175 194 382199 194 383222 195 384246 195 385269 196 386259 4 386292 197 387282 5 387316 197 388299 15 388340 197 389322 18 389364 197 390345 21 390388 197 391368 25 391412 197 392392 28 392435 198 393416 30 393458 198 394440 31 394482 198 395464 31 395506 198 396489 29 396531 197 397513 27 397558 194 398537 25 398595 181 399562 23 399625 18 399648 151 400587 9 400600 8 400704 21 400763 60 401625 7 401681 4 401737 3 401791 56 402649 8 402702 8 402820 50 403673 8 403725 10 403847 47 404697 9 404748 12 404872 45 405721 9 405761 8 405772 12 405898 42 406745 9 406785 7 406797 11 406927 35 407769 10 407823 6 407955 30 408792 13 408981 26 409816 15 410007 21 410840 16 411034 14 411865 21 412066 3 412890 21 413091 1 413916 24 414941 25 414976 5 414993 5 415966 26 415996 11 416015 8 416997 19 417019 12 417039 8 418022 19 418043 12 418064 6 419047 18 419066 13 419089 4 420071 18 420090 13 420114 3 421095 32 421139 2 422119 32 422163 1 423145 31 423187 1 424171 30 425197 30 426223 34,1,"0,1,2,3,4,5,6,7,8,9,10,11,12,13,14,15,16,17,18,19,20,21,22,23,24,25,27,28,29,30,31,32,33,34,35,58,82,84,85,87,88,90,92,96,100,101,102,103,104,105,106,109,110,111,112,113,114,115,116,127,130,135,136,137,138,139,140,141,142,144,145,146,147,148,149,151,165,169,171,174,175,176,177,178,192,225,226,227,228,229,231,232,233,234,281,282,283,286,288,289,290,292,293,295,296,299,301,302,303,305,306,308,310,311,312,313,314,315,316,317,318,319,320,321,322,323,324,325,326,327,328,329,330,331,332,333,334,335,337,338,339,340"
